Location or Partner,Borough,On Street,From Street,To Street,Type,Open Date,Monday_Start,Monday_End,Tuesday_Start,Tuesday_End,Wednesday_Start,Wednesday_End,Thursday_Start,Thursday_End,Friday_Start,Friday_End,Saturday_Start,Saturday_End,Sunday_Start,Sunday_End,Day of Week,Status,Cool Streets
Jamaica,Queens,107th Avenue,159th Street,160th Street,Temporary Limited Local Access,2020-05-23T00:00:00.000,8:00AM,8:00PM,8:00AM,8:00PM,8:00AM,8:00PM,8:00AM,8:00PM,8:00AM,8:00PM,8:00AM,8:00PM,8:00AM,8:00PM,ALL,Active,
Jamaica,Queens,108th Avenue,159th Street,160th Street,Temporary Limited Local Access,2020-05-23T00:00:00.000,8:00AM,8:00PM,8:00AM,8:00PM,8:00AM,8:00PM,8:00AM,8:00PM,8:00AM,8:00PM,8:00AM,8:00PM,8:00AM,8:00PM,ALL,Active,
Jamaica,Queens,109th Avenue,159th Street,160th Street,Temporary Limited Local Access,2020-05-23T00:00:00.000,8:00AM,8:00PM,8:00AM,8:00PM,8:00AM,8:00PM,8:00AM,8:00PM,8:00AM,8:00PM,8:00AM,8:00PM,8:00AM,8:00PM,ALL,Active,
South Richmond Hill,Queens,120th Street,94th Avenue,101st Avenue,Temporary Limited Local Access,2020-05-23T00:00:00.000,8:00AM,8:00PM,8:00AM,8:00PM,8:00AM,8:00PM,8:00AM,8:00PM,8:00AM,8:00PM,8:00AM,8:00PM,8:00AM,8:00PM,ALL,Active,
Baisley Pond Park,Queens,122nd Avenue,Lakeview Boulevard East,Lakeview Lane,Temporary Limited Local Access,2020-05-23T00:00:00.000,8:00AM,8:00PM,8:00AM,8:00PM,8:00AM,8:00PM,8:00AM,8:00PM,8:00AM,8:00PM,8:00AM,8:00PM,8:00AM,8:00PM,ALL,Active,
Baisley Pond Park,Queens,155th Street,119th Avenue,125th Avenue,Temporary Limited Local Access,2020-05-23T00:00:00.000,8:00AM,8:00PM,8:00AM,8:00PM,8:00AM,8:00PM,8:00AM,8:00PM,8:00AM,8:00PM,8:00AM,8:00PM,8:00AM,8:00PM,ALL,Active,
Jamaica,Queens,159th Street,108th Avenue,109th Avenue,Temporary Limited Local Access,2020-05-23T00:00:00.000,8:00AM,8:00PM,8:00AM,8:00PM,8:00AM,8:00PM,8:00AM,8:00PM,8:00AM,8:00PM,8:00AM,8:00PM,8:00AM,8:00PM,ALL,Active,
Jamaica Hills,Queens,165th Street,Chapin Parkway,85th Avenue,Temporary Limited Local Access,2020-06-25T00:00:00.000,8:00AM,8:00PM,8:00AM,8:00PM,8:00AM,8:00PM,8:00AM,8:00PM,8:00AM,8:00PM,8:00AM,8:00PM,8:00AM,8:00PM,ALL,Active,
Plaut Triangle,Queens,169th Street,Northern Boulevard,43rd Avenue,Temporary Limited Local Access,2020-05-23T00:00:00.000,8:00AM,8:00PM,8:00AM,8:00PM,8:00AM,8:00PM,8:00AM,8:00PM,8:00AM,8:00PM,8:00AM,8:00PM,8:00AM,8:00PM,ALL,Active,
Carroll Gardens,Brooklyn,1st Place,Smith Street,Henry Street,Temporary Limited Local Access,2020-05-14T00:00:00.000,8:00AM,8:00PM,8:00AM,8:00PM,8:00AM,8:00PM,8:00AM,8:00PM,8:00AM,8:00PM,8:00AM,8:00PM,8:00AM,8:00PM,ALL,Active,
Friends of Diversity Plaza,Queens,37th Road,75th Street,74th Street,Temporary Full Closure,2020-08-14T00:00:00.000,N/A,N/A,N/A,N/A,N/A,N/A,N/A,N/A,5:00PM,11:00PM,12:00PM,11:00PM,12:00PM,11:00PM,"F,S,U",Inactive,
Sunset Park,Brooklyn,21st Street,3rd Avenue,7th Avenue,Temporary Limited Local Access,2020-06-25T00:00:00.000,8:00AM,8:00PM,8:00AM,8:00PM,8:00AM,8:00PM,8:00AM,8:00PM,8:00AM,8:00PM,8:00AM,8:00PM,8:00AM,8:00PM,ALL,Active,
Sunset Park Business Improvement District,Brooklyn,5th Avenue,40th Street,41st Street,Temporary Full Closure,2020-07-17T00:00:00.000,N/A,N/A,N/A,N/A,N/A,N/A,N/A,N/A,5:00PM,11:00PM,12:00PM,11:00PM,12:00PM,11:00PM,"F,S,U",inactive,
Sunset Park Business Improvement District,Brooklyn,5th Avenue,45th Street,47th Street,Temporary Full Closure,2020-07-31T00:00:00.000,N/A,N/A,N/A,N/A,N/A,N/A,N/A,N/A,N/A,N/A,4:00PM,11:00PM,N/A,N/A,S,Active,
Park Slope 5th Avenue Business Improvement District,Brooklyn,5th Avenue,9th Street,5th Street,Temporary Full Closure,2020-10-02T00:00:00.000,N/A,N/A,N/A,N/A,N/A,N/A,N/A,N/A,N/A,N/A,4:00PM,11:00PM,N/A,N/A,S,inactive,
31st Ave Open Street Collective,Queens,31st Avenue,33rd Street,35th Street,Temporary Full Closure,2020-07-24T00:00:00.000,N/A,N/A,N/A,N/A,N/A,N/A,N/A,N/A,N/A,N/A,12:00PM,11:00PM,12:00PM,11:00PM,"S,U",Active,
Central Astoria Local Development Corportation,Queens,32nd Street,30th Avenue,Newtown Avenue,Temporary Limited Local Access,2020-06-25T00:00:00.000,N/A,N/A,N/A,N/A,N/A,N/A,N/A,N/A,10:00AM,8:00PM,10:00AM,8:00PM,10:00AM,8:00PM,"F,S,U",Inactive,
34th Ave Open Streets Coalition,Queens,34th Avenue,69th Street,78th Street,Temporary Limited Local Access,2020-05-07T00:00:00.000,8:00AM,8:00PM,8:00AM,8:00PM,8:00AM,8:00PM,8:00AM,8:00PM,8:00AM,8:00PM,8:00AM,8:00PM,8:00AM,8:00PM,ALL,Active,
34th Ave Open Streets Coalition,Queens,34th Avenue,78th Street,Junction Boulevard,Temporary Limited Local Access,2020-05-14T00:00:00.000,8:00AM,8:00PM,8:00AM,8:00PM,8:00AM,8:00PM,8:00AM,8:00PM,8:00AM,8:00PM,8:00AM,8:00PM,8:00AM,8:00PM,ALL,Active,
Fresh Air Fund,Queens,34th Avenue,72nd Street,74th Street,Open Streets Play,2020-07-24T00:00:00.000,10:00AM,4:00PM,10:00AM,4:00PM,10:00AM,4:00PM,10:00AM,4:00PM,N/A,N/A,N/A,N/A,N/A,N/A,"M,T,W,R",inactive,
Fresh Air Fund,Queens,34th Avenue,79th Street,80th Street,Open Streets Play,2020-07-24T00:00:00.000,10:00AM,4:00PM,10:00AM,4:00PM,10:00AM,4:00PM,10:00AM,4:00PM,N/A,N/A,N/A,N/A,N/A,N/A,"M,T,W,R",inactive,
Fresh Air Fund,Queens,34th Avenue,92nd Street,94th Street,Open Streets Play,2020-07-24T00:00:00.000,10:00AM,4:00PM,10:00AM,4:00PM,10:00AM,4:00PM,10:00AM,4:00PM,N/A,N/A,N/A,N/A,N/A,N/A,"M,T,W,R",inactive,
Crocheron Park,Queens,35th Avenue,Corbett Road,Dead End,Temporary Limited Local Access,2020-06-25T00:00:00.000,8:00AM,8:00PM,8:00AM,8:00PM,8:00AM,8:00PM,8:00AM,8:00PM,8:00AM,8:00PM,8:00AM,8:00PM,8:00AM,8:00PM,ALL,Active,
Park Slope 5th Avenue Business Improvement District,Brooklyn,5th Avenue,8th Street,5th Street,Temporary Full Closure,2020-10-02T00:00:00.000,N/A,N/A,N/A,N/A,N/A,N/A,N/A,N/A,N/A,N/A,4:00PM,11:00PM,N/A,N/A,S,inactive,
Forest Hills Chamber of Commerce,Queens,70th Road,Austin Street,Queens Boulevard,Temporary Full Closure,2020-07-17T00:00:00.000,12:00PM,11:00PM,12:00PM,11:00PM,12:00PM,11:00PM,12:00PM,11:00PM,12:00PM,11:00PM,12:00PM,11:00PM,10:00AM,11:00PM,ALL,Inactive,
Dome Playground,Brooklyn,38th Street,Dahill Road,15th Avenue,Temporary Limited Local Access,2020-05-14T00:00:00.000,8:00AM,8:00PM,8:00AM,8:00PM,8:00AM,8:00PM,8:00AM,8:00PM,8:00AM,8:00PM,8:00AM,8:00PM,8:00AM,8:00PM,ALL,Active,
Sunnyside Woodside Open Streets,Queens,39th Avenue,45th Street,Woodside Avenue,Temporary Limited Local Access,2020-05-14T00:00:00.000,24/7,24/7,24/7,24/7,24/7,24/7,24/7,24/7,24/7,24/7,24/7,24/7,24/7,24/7,ALL,Active,
Bayside Village Business Improvement District,Queens,41st Avenue,Bell Boulevard,214th Place,Temporary Full Closure,2021-03-12T00:00:00.000,N/A,N/A,N/A,N/A,N/A,N/A,N/A,N/A,5:30PM,11:00PM,N/A,N/A,N/A,N/A,F,Active,
Third Avenue Business Improvement District,Bronx,Alexander Avenue,Bruckner Boulevard,East 134th Street,Temporary Full Closure,2020-08-14T00:00:00.000,N/A,N/A,N/A,N/A,N/A,N/A,2:00PM,8:00PM,2:00PM,8:00PM,11:00AM,8:00PM,N/A,N/A,"R,F,S",Active,
39th Avenue Open Streets Coalition,Queens,47th Street,39th Avenue,Skillman Avenue,Temporary Limited Local Access,2020-07-24T00:00:00.000,8:00AM,8:00PM,8:00AM,8:00PM,8:00AM,8:00PM,8:00AM,8:00PM,8:00AM,8:00PM,8:00AM,8:00PM,8:00AM,8:00PM,ALL,Inactive,
39th Avenue Open Streets Coalition,Queens,49th Street,39th Avenue,Skillman Avenue,Temporary Limited Local Access,2020-07-24T00:00:00.000,8:00AM,8:00PM,8:00AM,8:00PM,8:00AM,8:00PM,8:00AM,8:00PM,8:00AM,8:00PM,8:00AM,8:00PM,8:00AM,8:00PM,ALL,Inactive,
Carroll Gardens,Brooklyn,4th Place,Smith Street,Henry Street,Temporary Limited Local Access,2020-05-14T00:00:00.000,8:00AM,8:00PM,8:00AM,8:00PM,8:00AM,8:00PM,8:00AM,8:00PM,8:00AM,8:00PM,8:00AM,8:00PM,8:00AM,8:00PM,ALL,Active,
Park Slope 5th Avenue Business Improvement District,Brooklyn,4th Street,5th Avenue,4th Avenue,Temporary Limited Local Access,2020-05-14T00:00:00.000,10:00AM,6:00PM,10:00AM,6:00PM,10:00AM,6:00PM,10:00AM,6:00PM,10:00AM,6:00PM,10:00AM,6:00PM,N/A,N/A,"M,T,W,R,F,S",Active,
Columbus Amsterdam Business Improvement District,Manhattan,Amsterdam Avenue,West 97th Street,West 110th Street,Temporary Full Closure,2020-07-31T00:00:00.000,N/A,N/A,N/A,N/A,N/A,N/A,N/A,N/A,N/A,N/A,11:00AM,8:30PM,11:00AM,8:30PM,"S,U",inactive,
Park Slope 5th Avenue Business Improvement District,Brooklyn,5th Avenue,Dean Street,Park Place,Temporary Full Closure,2021-03-13T00:00:00.000,N/A,N/A,N/A,N/A,N/A,N/A,N/A,N/A,N/A,N/A,11:00AM,10:30PM,11:00AM,10:00PM,"S,U",Active,
Park Slope 5th Avenue Business Improvement District,Brooklyn,5th Avenue,President Street,5th Street,Temporary Full Closure,2021-03-13T00:00:00.000,N/A,N/A,N/A,N/A,N/A,N/A,N/A,N/A,N/A,N/A,11:00AM,10:30PM,11:00AM,10:00PM,"S,U",Active,
Park Slope 5th Avenue Business Improvement District,Brooklyn,5th Avenue,10th Street,13th Street,Temporary Full Closure,2021-03-13T00:00:00.000,N/A,N/A,N/A,N/A,N/A,N/A,N/A,N/A,N/A,N/A,11:00AM,10:30PM,11:00AM,10:00PM,"S,U",Active,
DUMBO Business Improvement District,Brooklyn,Anchorage Place,Water Street,Pearl Street,Temporary Full Closure,2020-07-03T00:00:00.000,N/A,N/A,N/A,N/A,N/A,N/A,N/A,N/A,5:00PM,11:00PM,12:00PM,11:00PM,12:00PM,11:00PM,"F,S,U",inactive,Y
Belmont Business Improvement District,Bronx,Arthur Avenue,East 187th Street,Crescent Avenue,Temporary Full Closure,2021-04-30T00:00:00.000,N/A,N/A,N/A,N/A,N/A,N/A,N/A,N/A,6:00PM,10:00PM,6:00PM,10:00PM,1:00PM,9:00PM,"F,S,U",Active,
Park Slope 5th Avenue Business Improvement District,Brooklyn,5th Avenue,Sterling Place,Berkely Place,Temporary Full Closure,2021-03-13T00:00:00.000,N/A,N/A,N/A,N/A,N/A,N/A,N/A,N/A,N/A,N/A,11:00AM,10:30PM,11:00AM,10:00PM,"S,U",Active,
Forest Hills Chamber of Commerce,Queens,Austin Street,72nd Avenue,72nd Road,Temporary Full Closure,2020-07-17T00:00:00.000,N/A,N/A,N/A,N/A,N/A,N/A,N/A,N/A,5:00PM,11:00PM,12:00PM,11:00PM,12:00PM,11:00PM,"F,S,U",inactive,
Poco,Manhattan,Avenue B,East 2nd Street,East 3rd Street,Temporary Full Closure,2020-07-17T00:00:00.000,N/A,N/A,5:00PM,11:00PM,5:00PM,11:00PM,5:00PM,11:00PM,11:00AM,11:00PM,11:00AM,11:00PM,11:00AM,11:00PM,"T,R,W,F,S,U",inactive,
Central Park/Midtown,Manhattan,5th Avenue,West 120th Street,West 110th Street,Protected Bike Lane,2020-06-25T00:00:00.000,12:00AM,12:00AM,12:00AM,12:00AM,12:00AM,12:00AM,12:00AM,12:00AM,12:00AM,12:00AM,12:00AM,12:00AM,12:00AM,12:00AM,ALL,Inactive,
The Hairy Lemon,Manhattan,Avenue B,East 2nd Street,East 3rd Street,Temporary Full Closure,2020-07-17T00:00:00.000,N/A,N/A,N/A,N/A,N/A,N/A,N/A,N/A,5:00PM,11:00PM,12:00PM,11:00PM,12:00PM,11:00PM,"F,S,U",inactive,
Maspeth,Queens,60th Street,Laurel Hill Boulevard,47th Avenue,Temporary Limited Local Access,2020-05-23T00:00:00.000,8:00AM,8:00PM,8:00AM,8:00PM,8:00AM,8:00PM,8:00AM,8:00PM,8:00AM,8:00PM,8:00AM,8:00PM,8:00AM,8:00PM,ALL,Active,
Woodside,Queens,60th Street,Queens Boulevard,43rd Avenue,Temporary Limited Local Access,2020-06-25T00:00:00.000,8:00AM,8:00PM,8:00AM,8:00PM,8:00AM,8:00PM,8:00AM,8:00PM,8:00AM,8:00PM,8:00AM,8:00PM,8:00AM,8:00PM,ALL,Active,
99 Favor Taste,Brooklyn,61st Street,7th Avenue,8th Avenue,Temporary Full Closure,2020-08-14T00:00:00.000,N/A,N/A,N/A,N/A,N/A,N/A,N/A,N/A,5:00PM,11:00PM,5:00PM,11:00PM,5:00PM,11:00PM,"F,S,U",Active,
Forest Hills,Queens,66th Road,110th Street,Grand Central Parkway,Temporary Limited Local Access,2020-05-23T00:00:00.000,8:00AM,8:00PM,8:00AM,8:00PM,8:00AM,8:00PM,8:00AM,8:00PM,8:00AM,8:00PM,8:00AM,8:00PM,8:00AM,8:00PM,ALL,Active,
Yellowstone Park,Queens,68th Road,108th Street,Yellowstone Boulevard,Temporary Limited Local Access,2020-05-23T00:00:00.000,8:00AM,8:00PM,8:00AM,8:00PM,8:00AM,8:00PM,8:00AM,8:00PM,8:00AM,8:00PM,8:00AM,8:00PM,8:00AM,8:00PM,ALL,Active,
Sunset Park,Brooklyn,6th Avenue,44th Street,51st Street,Temporary Limited Local Access,2020-05-14T00:00:00.000,8:00AM,8:00PM,8:00AM,8:00PM,8:00AM,8:00PM,8:00AM,8:00PM,8:00AM,8:00PM,8:00AM,8:00PM,8:00AM,8:00PM,ALL,Active,Y
Fresh Air Fund,Brooklyn,6th Avenue,44th Street,45th Street,Open Streets Play,2020-07-24T00:00:00.000,10:00AM,4:00PM,10:00AM,4:00PM,10:00AM,4:00PM,10:00AM,4:00PM,N/A,N/A,N/A,N/A,N/A,N/A,"M,T,W,R",inactive,
Midtown Core,Manhattan,6th Avenue,West 59th Street,West 34th Street,Protected Bike Lane,2020-06-25T00:00:00.000,12:00AM,12:00AM,12:00AM,12:00AM,12:00AM,12:00AM,12:00AM,12:00AM,12:00AM,12:00AM,12:00AM,12:00AM,12:00AM,12:00AM,ALL,Inactive,
KC GOURMET EMPANADAS,Manhattan,Avenue B,East 3rd Street,East 4th Street,Temporary Full Closure,2020-07-31T00:00:00.000,N/A,N/A,N/A,N/A,N/A,N/A,N/A,N/A,5:00PM,11:00PM,12:00PM,11:00PM,12:00PM,11:00PM,"F,S,U",inactive,
Ozone Park,Queens,77th Street,Atlantic Avenue,101st Avenue,Temporary Limited Local Access,2020-06-25T00:00:00.000,8:00AM,8:00PM,8:00AM,8:00PM,8:00AM,8:00PM,8:00AM,8:00PM,8:00AM,8:00PM,8:00AM,8:00PM,8:00AM,8:00PM,ALL,Active,
Midtown Core,Manhattan,7th Avenue,West 59th Street,West 47th Street,Protected Bike Lane,2020-06-25T00:00:00.000,12:00AM,12:00AM,12:00AM,12:00AM,12:00AM,12:00AM,12:00AM,12:00AM,12:00AM,12:00AM,12:00AM,12:00AM,12:00AM,12:00AM,ALL,Inactive,
Chinatown Business Improvement District,Manhattan,Bayard Street,Mott Street,Mulberry Street,Temporary Full Closure,2020-08-14T00:00:00.000,N/A,N/A,N/A,N/A,N/A,N/A,N/A,N/A,5:00PM,11:00PM,12:00PM,11:00PM,12:00PM,11:00PM,"F,S,U",inactive,
Rego Park,Queens,99th Street,Horace Harding,66th Avenue,Temporary Limited Local Access,2020-05-23T00:00:00.000,8:00AM,8:00PM,8:00AM,8:00PM,8:00AM,8:00PM,8:00AM,8:00PM,8:00AM,8:00PM,8:00AM,8:00PM,8:00AM,8:00PM,ALL,Active,Y
Meatpacking Business Improvement District,Manhattan,9th Avenue,West 14th Street,West 15th Street,Temporary Full Closure,2020-07-03T00:00:00.000,10:00AM,11:00PM,10:00AM,11:00PM,10:00AM,11:00PM,10:00AM,11:00PM,10:00AM,11:00PM,10:00AM,11:00PM,10:00AM,11:00PM,ALL,Active,
New Dorp Business Improvement District,Staten Island,9th Street,New Dorp Lane,Rose Avenue,Temporary Full Closure,2020-09-11T00:00:00.000,N/A,N/A,N/A,N/A,N/A,N/A,N/A,N/A,7:00PM,11:00PM,6:00PM,11:00PM,6:00PM,11:00PM,"F,S,U",Active,
Bayside Village Business Improvement District,Queens,Bell Boulevard,38th Avenue,41st Avenue,Temporary Full Closure,2020-07-03T00:00:00.000,N/A,N/A,N/A,N/A,N/A,N/A,N/A,N/A,N/A,N/A,5:30PM,11:00PM,12:00PM,9:00PM,"S,U",Active,
34th Street Partnership,Manhattan,Broadway,West 32nd Street,West 31st Street,Temporary Full Closure,2020-08-14T00:00:00.000,N/A,N/A,N/A,N/A,N/A,N/A,N/A,N/A,5:00PM,10:00PM,12:00PM,10:00PM,12:00PM,10:00PM,"F,S,U",inactive,
West 111th Street Block Association,Manhattan,Amsterdam Avenue,West 110th Street,West 111th Street,Temporary Full Closure,2020-10-02T00:00:00.000,N/A,N/A,N/A,N/A,N/A,N/A,N/A,N/A,7:00PM,11:00PM,11:00AM,11:00PM,11:00AM,11:00PM,"F,S,U",Active,Y
Columbus Amsterdam Business Improvement District,Manhattan,Amsterdam Avenue,West 106th Street,West 110th Street,Temporary Full Closure,2020-11-17T00:00:00.000,N/A,N/A,N/A,N/A,N/A,N/A,N/A,N/A,N/A,N/A,11:00AM,8:30PM,11:00AM,8:30PM,"S,U",Active,
303 Canary LLC,Manhattan,Broome Street,Forsyth Street,Eldridge Street,Temporary Full Closure,2020-07-31T00:00:00.000,N/A,N/A,4:30PM,12:00AM,4:30PM,12:00AM,4:30PM,12:00AM,4:30PM,12:00AM,12:30PM,12:00AM,12:30PM,12:00AM,"T,R,W,F,S,U",Active,
Alliance for Downtown New York,Manhattan,Ann Street,Broadway,Nassau Street,Temporary Full Closure,2020-09-04T00:00:00.000,5:00PM,11:00PM,5:00PM,11:00PM,5:00PM,11:00PM,5:00PM,11:00PM,5:00PM,11:00PM,12:00PM,11:00PM,12:00PM,11:00PM,ALL,Active,
Bed Stuy Gateway Business Improvement District,Brooklyn,Arlington Place,Halsey Street,Fulton Street,Temporary Limited Local Access,2020-05-23T00:00:00.000,10:00AM,2:00PM,10:00AM,2:00PM,10:00AM,2:00PM,10:00AM,2:00PM,10:00AM,2:00PM,10:00AM,2:00PM,10:00AM,2:00PM,ALL,Active,
DUMBO Business Improvement District,Brooklyn,Dock Street,Front Street,Water Street,Temporary Full Closure,2020-07-03T00:00:00.000,N/A,N/A,N/A,N/A,N/A,N/A,N/A,N/A,4:00PM,11:00PM,12:00PM,11:00PM,12:00PM,11:00PM,"F,S,U",inactive,
Scarpetta Restaurant,Manhattan,East 29th Street,Madison Ave,5th Avenue,Temporary Full Closure,2020-08-28T00:00:00.000,5:00PM,11:00PM,5:00PM,11:00PM,5:00PM,11:00PM,5:00PM,11:00PM,5:00PM,11:00PM,5:00PM,11:00PM,5:00PM,11:00PM,ALL,inactive,
Frederick Douglass Boulevard Alliance,Manhattan,Frederick Douglass Boulevard,West 112th Street,West 120th Street,Temporary Full Closure,2020-08-28T00:00:00.000,N/A,N/A,N/A,N/A,N/A,N/A,N/A,N/A,5:00PM,10:00PM,12:00PM,10:00PM,12:00PM,9:00PM,"F,S,U",Active,
Atlantic Avenue Business Improvement District,Brooklyn,Hoyt Street,Pacific Street,State Street,Temporary Full Closure,2020-08-28T00:00:00.000,N/A,N/A,N/A,N/A,N/A,N/A,N/A,N/A,12:00PM,11:00PM,12:00PM,11:00PM,12:00PM,11:00PM,"F,S,U",inactive,
Loisaida Open Streets Community Coalition,Manhattan,Avenue B,East 6th Street,East 14th Street,Temporary Limited Local Access,2020-05-23T00:00:00.000,8:00AM,8:00PM,8:00AM,8:00PM,8:00AM,8:00PM,8:00AM,8:00PM,8:00AM,8:00PM,8:00AM,8:00PM,8:00AM,8:00PM,ALL,Active,
Atlantic Avenue Business Improvement District,Brooklyn,Hoyt Street,Pacific Street,Schermerhorn Street,Temporary Full Closure,2020-08-28T00:00:00.000,N/A,N/A,N/A,N/A,N/A,N/A,N/A,N/A,12:00PM,11:00PM,12:00PM,11:00PM,12:00PM,11:00PM,"F,S,U",inactive,Y
Kingsbridge-Riverdale-Van Cortlandt Development Corporation,Bronx,Johnson Avenue,West 235th Street,West 236th Street,Temporary Full Closure,2020-07-31T00:00:00.000,N/A,N/A,N/A,N/A,N/A,N/A,N/A,N/A,N/A,N/A,N/A,N/A,12:00PM,9:00PM,U,Inactive,
Meatpacking Business Improvement District,Manhattan,Little West 12th Street,9th Avenue,Washington Street,Temporary Full Closure,2020-07-03T00:00:00.000,3:00PM,11:00PM,3:00PM,11:00PM,3:00PM,11:00PM,3:00PM,11:00PM,3:00PM,11:00PM,12:00PM,11:00PM,12:00PM,11:00PM,ALL,inactive,
DUMBO Business Improvement District,Brooklyn,Main Street,Water Street,Plymouth Street,Temporary Full Closure,2020-06-11T00:00:00.000,N/A,N/A,N/A,N/A,N/A,N/A,N/A,N/A,11:00AM,9:00PM,11:00AM,9:00PM,11:00AM,9:00PM,"F,S,U",Active,
North Shore Esplande Park,Staten Island,Bank Street,Jersey Street,Parking Garage Driveway,Temporary Limited Local Access,2020-05-14T00:00:00.000,8:00AM,8:00PM,8:00AM,8:00PM,8:00AM,8:00PM,8:00AM,8:00PM,8:00AM,8:00PM,8:00AM,8:00PM,8:00AM,8:00PM,ALL,Active,
Baisley Pond Park,Queens,Barron Street,116th Avenue,Foch Boulevard,Temporary Limited Local Access,2020-05-23T00:00:00.000,8:00AM,8:00PM,8:00AM,8:00PM,8:00AM,8:00PM,8:00AM,8:00PM,8:00AM,8:00PM,8:00AM,8:00PM,8:00AM,8:00PM,ALL,Active,
Asian American Federation,Queens,Barton Avenue,150th Street,149th Place,Temporary Limited Local Access,2020-10-02T00:00:00.000,9:00AM,9:00PM,9:00AM,9:00PM,9:00AM,9:00PM,9:00AM,9:00PM,9:00AM,11:00PM,9:00AM,11:00PM,9:00AM,9:00PM,ALL,Active,
The Angiuli Group,Staten Island,Minthorne Street,Bay Street,Victory Boulevard,Temporary Full Closure,2020-08-14T00:00:00.000,N/A,N/A,N/A,N/A,N/A,N/A,N/A,N/A,4:30PM,11:00PM,12:00PM,11:00PM,N/A,N/A,"F,S",Active,
Jewish Community Council of the Rockaway Peninsula,Queens,Beach 12th Street,Central Avenue,Dinsmore Avenue,Temporary Limited Local Access,2020-06-25T00:00:00.000,N/A,N/A,N/A,N/A,N/A,N/A,N/A,N/A,N/A,N/A,8:00AM,8:00PM,N/A,N/A,S,Active,
Montague St Business Improvement District,Brooklyn,Montague Street,Clinton Street,Pierrepont Place,Temporary Full Closure,2020-07-31T00:00:00.000,N/A,N/A,N/A,N/A,N/A,N/A,N/A,N/A,5:00PM,10:00PM,12:00PM,10:00PM,12:00PM,10:00PM,"F,S,U",inactive,
North Brooklyn Open Streets Community Coalition,Brooklyn,Berry Street,North 12th Street,Broadway,Temporary Limited Local Access,2020-05-14T00:00:00.000,8:00AM,8:00PM,8:00AM,8:00PM,8:00AM,8:00PM,8:00AM,8:00PM,8:00AM,8:00PM,8:00AM,8:00PM,8:00AM,8:00PM,ALL,Active,
Brownsville,Brooklyn,Blake Avenue,Rockaway Avenue,Powell Street,Temporary Limited Local Access,2020-06-25T00:00:00.000,8:00AM,8:00PM,8:00AM,8:00PM,8:00AM,8:00PM,8:00AM,8:00PM,8:00AM,8:00PM,8:00AM,8:00PM,8:00AM,8:00PM,ALL,Active,
East New York,Brooklyn,Blake Avenue,Miller Avenue,Hinsdale Street,Temporary Limited Local Access,2020-06-25T00:00:00.000,8:00AM,8:00PM,8:00AM,8:00PM,8:00AM,8:00PM,8:00AM,8:00PM,8:00AM,8:00PM,8:00AM,8:00PM,8:00AM,8:00PM,ALL,Active,
Police Athletic League,Brooklyn,Blake Avenue,Powell Street,Mother Gaston Boulevard,Open Streets Play,2020-07-24T00:00:00.000,12:00PM,5:00PM,12:00PM,5:00PM,12:00PM,5:00PM,12:00PM,5:00PM,N/A,N/A,N/A,N/A,N/A,N/A,"M,T,W,R",inactive,
Von Design Ltd.,Manhattan,Bleecker Street,Mott Street,Bowery,Temporary Full Closure,2020-07-17T00:00:00.000,N/A,N/A,N/A,N/A,5:00PM,11:00PM,5:00PM,11:00PM,5:00PM,11:00PM,11:00AM,11:00PM,11:00AM,11:00PM,"W,R,F,S,U",Active,
il Buco,Manhattan,Bond Street,Lafayette Street,Bowery,Temporary Full Closure,2020-07-31T00:00:00.000,4:30PM,11:00PM,4:30PM,11:00PM,4:30PM,11:00PM,4:30PM,11:00PM,4:30PM,11:00PM,10:00AM,11:00PM,11:30AM,11:00PM,"M,T,W,R,F,S,U",Active,
River Park,Bronx,Boston Road,East 180th Street,Bronx Park South,Temporary Limited Local Access,2020-05-14T00:00:00.000,8:00AM,8:00PM,8:00AM,8:00PM,8:00AM,8:00PM,8:00AM,8:00PM,8:00AM,8:00PM,8:00AM,8:00PM,8:00AM,8:00PM,ALL,Active,
Sheepshead Bay,Brooklyn,Bragg Street,Avenue V,Avenue Y,Temporary Limited Local Access,2020-06-25T00:00:00.000,8:00AM,8:00PM,8:00AM,8:00PM,8:00AM,8:00PM,8:00AM,8:00PM,8:00AM,8:00PM,8:00AM,8:00PM,8:00AM,8:00PM,ALL,Active,
Flatiron 23rd Street Partnership,Manhattan,Broadway,West 25th Street,West 28th Street,Temporary Limited Local Access,2020-05-07T00:00:00.000,10:00AM,6:00PM,10:00AM,6:00PM,10:00AM,6:00PM,10:00AM,6:00PM,10:00AM,6:00PM,10:00AM,6:00PM,10:00AM,6:00PM,ALL,Active,
Times Square Alliance,Manhattan,Broadway,West 47th Street,West 53rd Street,Temporary Limited Local Access,2020-05-23T00:00:00.000,8:00AM,8:00PM,8:00AM,8:00PM,8:00AM,8:00PM,8:00AM,8:00PM,8:00AM,8:00PM,8:00AM,8:00PM,8:00AM,8:00PM,ALL,Active,
Times Square Alliance,Manhattan,Broadway,West 42nd Street,West 41st Street,Temporary Limited Local Access,2020-05-23T00:00:00.000,8:00AM,8:00PM,8:00AM,8:00PM,8:00AM,8:00PM,8:00AM,8:00PM,8:00AM,8:00PM,8:00AM,8:00PM,8:00AM,8:00PM,ALL,inactive,
Flatiron 23rd Street Partnership,Manhattan,Broadway,West 25th Street,West 28th Street,Temporary Full Closure,2020-07-03T00:00:00.000,12:00PM,11:00PM,12:00PM,11:00PM,12:00PM,11:00PM,12:00PM,11:00PM,12:00PM,11:00PM,12:00PM,11:00PM,12:00PM,11:00PM,ALL,Active,
New Dorp Business Improvement District,Staten Island,New Dorp Lane,New Dorp Plaza,Hylan Boulevard,Temporary Full Closure,2020-07-03T00:00:00.000,N/A,N/A,N/A,N/A,N/A,N/A,N/A,N/A,5:00PM,11:00PM,12:00PM,11:00PM,12:00PM,11:00PM,"F,S,U",inactive,
Casa Nomad Restaurant and Akin Hospitality Group,Manhattan,Broadway,West 29th Street,West 31st Street,Temporary Full Closure,2020-08-14T00:00:00.000,12:00PM,11:00PM,12:00PM,11:00PM,12:00PM,11:00PM,12:00PM,11:00PM,12:00PM,11:00PM,12:00PM,11:00PM,10:00AM,11:00PM,ALL,Active,
Flatiron 23rd Street Partnership,Manhattan,Broadway,East 21st Street,East 22nd Street,Temporary Full Closure,2020-08-14T00:00:00.000,12:00PM,11:00PM,12:00PM,11:00PM,12:00PM,11:00PM,12:00PM,11:00PM,12:00PM,11:00PM,12:00PM,11:00PM,11:00AM,11:00PM,ALL,Active,Y
Flatiron 23rd Street Partnership,Manhattan,Broadway,West 28th Street,West 29th Street,Temporary Full Closure,2020-08-14T00:00:00.000,N/A,N/A,N/A,N/A,N/A,N/A,N/A,N/A,5:00PM,11:00PM,12:00PM,11:00PM,12:00PM,11:00PM,"F,S,U",Active,
Financial District,Manhattan,Broadway,Barclay Street,Morris Street,Protected Bike Lane,2020-05-14T00:00:00.000,12:00AM,12:00AM,12:00AM,12:00AM,12:00AM,12:00AM,12:00AM,12:00AM,12:00AM,12:00AM,12:00AM,12:00AM,12:00AM,12:00AM,ALL,Inactive,
Central Queens,Queens,Broadway,34th Avenue,Queensboro Plaza,Protected Bike Lane,2020-06-25T00:00:00.000,12:00AM,12:00AM,12:00AM,12:00AM,12:00AM,12:00AM,12:00AM,12:00AM,12:00AM,12:00AM,12:00AM,12:00AM,12:00AM,12:00AM,ALL,Inactive,
Flatiron 23rd Street Partnership,Manhattan,Broadway,East 21st Street,East 23rd Street,Temporary Limited Local Access,2020-05-07T00:00:00.000,10:00AM,6:00PM,10:00AM,6:00PM,10:00AM,6:00PM,10:00AM,6:00PM,10:00AM,6:00PM,10:00AM,6:00PM,10:00AM,6:00PM,ALL,Active,
Garment District Alliance,Manhattan,Broadway,West 36th Street,West 41st Street,Temporary Limited Local Access,2020-05-07T00:00:00.000,9:00AM,5:00PM,9:00AM,5:00PM,9:00AM,5:00PM,9:00AM,5:00PM,9:00AM,5:00PM,9:00AM,5:00PM,9:00AM,5:00PM,ALL,inactive,
River Park,Bronx,Bronx Park South,Boston Road,Bryant Avenue,Temporary Limited Local Access,2020-05-14T00:00:00.000,8:00AM,8:00PM,8:00AM,8:00PM,8:00AM,8:00PM,8:00AM,8:00PM,8:00AM,8:00PM,8:00AM,8:00PM,8:00AM,8:00PM,ALL,Active,
Lower East Side Partnership,Manhattan,Broome Street,Allen Street,Ludlow Street,Temporary Limited Local Access,2020-07-24T00:00:00.000,12:00PM,8:00PM,12:00PM,8:00PM,12:00PM,8:00PM,12:00PM,8:00PM,12:00PM,8:00PM,12:00PM,8:00PM,12:00PM,8:00PM,ALL,Active,
Lower East Side Partnership,Manhattan,Broome Street,Ludlow Street,Allen Street,Temporary Full Closure,2020-07-03T00:00:00.000,12:00PM,11:00PM,12:00PM,11:00PM,12:00PM,11:00PM,12:00PM,11:00PM,12:00PM,11:00PM,12:00PM,11:00PM,12:00PM,11:00PM,ALL,Active,
Enlightenment Wines Farm and Meadery LLC.,Brooklyn,Randolph Street,Gardner Avenue,Scott Avenue,Temporary Full Closure,2020-10-28T00:00:00.000,N/A,N/A,N/A,N/A,N/A,N/A,4:00PM,11:00PM,4:00PM,11:00PM,4:00PM,11:00PM,4:00PM,11:00PM,"R,F,S,U",Active,
Enlightenment Wines Farm and Meadery LLC.,Brooklyn,Scott Avenue,Randolph Street,Dead End,Temporary Full Closure,2020-10-28T00:00:00.000,4:00PM,11:00PM,4:00PM,11:00PM,4:00PM,11:00PM,4:00PM,11:00PM,4:00PM,11:00PM,12:00PM,11:00PM,10:00AM,11:00PM,ALL,inactive,
Korean War Veterans Plaza,Brooklyn,Cadman Plaza East,Johnson Street,Tillary Street,Temporary Limited Local Access,2020-05-14T00:00:00.000,8:00AM,8:00PM,8:00AM,8:00PM,8:00AM,8:00PM,8:00AM,8:00PM,8:00AM,8:00PM,8:00AM,8:00PM,8:00AM,8:00PM,ALL,Active,
Stapleton,Staten Island,Canal Street,Bay Street,Front Street,Temporary Limited Local Access,2020-06-25T00:00:00.000,8:00AM,8:00PM,8:00AM,8:00PM,8:00AM,8:00PM,8:00AM,8:00PM,8:00AM,8:00PM,8:00AM,8:00PM,8:00AM,8:00PM,ALL,inactive,
Cervo's,Manhattan,Canal Street,Orchard Street,Essex Street,Temporary Full Closure,2020-07-17T00:00:00.000,3:00PM,11:00PM,3:00PM,11:00PM,3:00PM,11:00PM,3:00PM,11:00PM,3:00PM,11:00PM,12:00PM,11:00PM,10:00AM,11:00PM,ALL,Active,Y
Meatpacking Business Improvement District,Manhattan,West 13th Street,Hudson Street,Washington Street,Temporary Full Closure,2020-07-03T00:00:00.000,3:00PM,11:00PM,3:00PM,11:00PM,3:00PM,11:00PM,3:00PM,11:00PM,3:00PM,11:00PM,12:00PM,11:00PM,12:00PM,11:00PM,ALL,inactive,
34th Street Partnership,Manhattan,West 32nd Street,6th Avenue,Broadway,Temporary Full Closure,2020-08-14T00:00:00.000,N/A,N/A,N/A,N/A,N/A,N/A,N/A,N/A,5:00PM,10:00PM,12:00PM,10:00PM,12:00PM,10:00PM,"F,S,U",inactive,
Times Square Alliance,Manhattan,West 47th Street,Broadway,8th Avenue,Temporary Full Closure,2020-09-11T00:00:00.000,2:00PM,11:00PM,2:00PM,11:00PM,2:00PM,11:00PM,2:00PM,11:00PM,2:00PM,11:00PM,12:00PM,11:00PM,12:00PM,11:00PM,ALL,inactive,
Carroll Park,Brooklyn,Carroll Street,Court Street,Smith Street,Temporary Limited Local Access,2020-05-23T00:00:00.000,8:00AM,8:00PM,8:00AM,8:00PM,8:00AM,8:00PM,8:00AM,8:00PM,8:00AM,8:00PM,8:00AM,8:00PM,8:00AM,8:00PM,ALL,Active,
Salsa Con Fuego,Bronx,Cedar Avenue,West Fordham Road,Landing Road,Temporary Full Closure,2020-07-17T00:00:00.000,N/A,N/A,N/A,N/A,N/A,N/A,N/A,N/A,5:00PM,11:00PM,12:00PM,11:00PM,12:00PM,11:00PM,"F,S,U",Active,
Village Alliance,Manhattan,West 8th Street,5th Avenue,6th Avenue,Temporary Full Closure,2020-07-17T00:00:00.000,N/A,N/A,N/A,N/A,N/A,N/A,N/A,N/A,5:00PM,11:00PM,12:00PM,11:00PM,N/A,N/A,"F,S",Inactive,
Lower Manhattann/SoHo,Manhattan,Centre Street,Brooklyn Bridge,Spring Street,Protected Bike Lane,2020-06-25T00:00:00.000,12:00AM,12:00AM,12:00AM,12:00AM,12:00AM,12:00AM,12:00AM,12:00AM,12:00AM,12:00AM,12:00AM,12:00AM,12:00AM,12:00AM,ALL,Inactive,
Kensington,Brooklyn,Chester Avenue,Fort Hamilton Parkway,Church Avenue,Temporary Limited Local Access,2020-05-23T00:00:00.000,8:00AM,8:00PM,8:00AM,8:00PM,8:00AM,8:00PM,8:00AM,8:00PM,8:00AM,8:00PM,8:00AM,8:00PM,8:00AM,8:00PM,ALL,Active,
Kettle of Fish,Manhattan,Christopher Street,Waverly Place,7 Avenue South,Temporary Full Closure,2020-07-17T00:00:00.000,N/A,N/A,N/A,N/A,N/A,N/A,N/A,N/A,5:00PM,11:00PM,12:00PM,11:00PM,12:00PM,11:00PM,"F,S,U",Active,
Claremont Park,Bronx,Clay Avenue,East 173rd Street,Claremont Parkway,Temporary Limited Local Access,2020-05-14T00:00:00.000,8:00AM,8:00PM,8:00AM,8:00PM,8:00AM,8:00PM,8:00AM,8:00PM,8:00AM,8:00PM,8:00AM,8:00PM,8:00AM,8:00PM,ALL,inactive,
Third Avenue Business Improvement District,Bronx,Willis Avenue,East 147th Street,East 148th Street,Temporary Full Closure,2020-10-02T00:00:00.000,10:30AM,8:00PM,10:30AM,8:00PM,10:30AM,8:00PM,10:30AM,8:00PM,10:30AM,8:00PM,10:30AM,8:00PM,10:30AM,8:00PM,ALL,Active,
Willowtown Association,Brooklyn,Columbia Place,Joralemon Street,State Street,Temporary Limited Local Access,2020-05-24T00:00:00.000,8:00AM,8:00PM,8:00AM,8:00PM,8:00AM,8:00PM,8:00AM,8:00PM,8:00AM,8:00PM,8:00AM,8:00PM,8:00AM,8:00PM,ALL,Active,
Cobble Hill Association,Brooklyn,Congress Street,Clinton Street,Henry Street,Temporary Limited Local Access,2020-05-14T00:00:00.000,8:00AM,8:00PM,8:00AM,8:00PM,8:00AM,8:00PM,8:00AM,8:00PM,8:00AM,8:00PM,8:00AM,8:00PM,8:00AM,8:00PM,ALL,Active,
Palma,Manhattan,Cornelia Street,Bleecker Street,West 4th Street,Temporary Full Closure,2020-07-31T00:00:00.000,N/A,N/A,N/A,N/A,N/A,N/A,N/A,N/A,5:00PM,12:00AM,12:00PM,12:00AM,12:00PM,12:00AM,"F,S,U",Active,
Court Square,Queens,Court Square West,Jackson Avenue,Dead End,Temporary Limited Local Access,2020-05-02T00:00:00.000,8:00AM,8:00PM,8:00AM,8:00PM,8:00AM,8:00PM,8:00AM,8:00PM,8:00AM,8:00PM,8:00AM,8:00PM,8:00AM,8:00PM,ALL,Active,
Astoria/Long Island City,Queens,Crescent Street,Queens Plaza North,Hoyt Avenue North,Protected Bike Lane,2020-05-14T00:00:00.000,12:00AM,12:00AM,12:00AM,12:00AM,12:00AM,12:00AM,12:00AM,12:00AM,12:00AM,12:00AM,12:00AM,12:00AM,12:00AM,12:00AM,ALL,Inactive,
Fordham Heights,Bronx,Creston Avenue,Fordham Road,Kingsbridge Road,Temporary Limited Local Access,2020-05-14T00:00:00.000,8:00AM,8:00PM,8:00AM,8:00PM,8:00AM,8:00PM,8:00AM,8:00PM,8:00AM,8:00PM,8:00AM,8:00PM,8:00AM,8:00PM,ALL,Active,
Concourse,Bronx,Cromwell Avenue,McClellan Street,Jerome Avenue,Temporary Limited Local Access,2020-06-25T00:00:00.000,8:00AM,8:00PM,8:00AM,8:00PM,8:00AM,8:00PM,8:00AM,8:00PM,8:00AM,8:00PM,8:00AM,8:00PM,8:00AM,8:00PM,ALL,Active,
Fresh Air Fund,Bronx,Cromwell Avenue,McClellan Street,Jerome Avenue,Open Streets Play,2020-07-24T00:00:00.000,10:00AM,4:00PM,10:00AM,4:00PM,10:00AM,4:00PM,10:00AM,4:00PM,N/A,N/A,N/A,N/A,N/A,N/A,"M,T,W,R",inactive,
Crotona,Bronx,Crotona Parkway,Bronx Park South,East 180th Street,Temporary Limited Local Access,2020-06-25T00:00:00.000,8:00AM,8:00PM,8:00AM,8:00PM,8:00AM,8:00PM,8:00AM,8:00PM,8:00AM,8:00PM,8:00AM,8:00PM,8:00AM,8:00PM,ALL,Active,
Painter's Playground,Queens,Dieterle Crescent,Alderton Street,65th Drive,Temporary Limited Local Access,2020-05-23T00:00:00.000,8:00AM,8:00PM,8:00AM,8:00PM,8:00AM,8:00PM,8:00AM,8:00PM,8:00AM,8:00PM,8:00AM,8:00PM,8:00AM,8:00PM,ALL,Active,
Ralph DeMarco Park,Queens,Ditmars Boulevard,19th Street,Shore Boulevard,Temporary Limited Local Access,2020-06-25T00:00:00.000,8:00AM,8:00PM,8:00AM,8:00PM,8:00AM,8:00PM,8:00AM,8:00PM,8:00AM,8:00PM,8:00AM,8:00PM,8:00AM,8:00PM,ALL,Active,
Nino's AQ,Queens,Ditmars Boulevard,33rd Street,36th Street,Temporary Full Closure,2020-08-28T00:00:00.000,N/A,N/A,N/A,N/A,N/A,N/A,N/A,N/A,5:00PM,9:00PM,12:00PM,9:00PM,12:00PM,9:00PM,"F,S,U",Active,
Thai Community USA,Queens,Woodside Avenue,76th Street,78th Street,Temporary Full Closure,2020-07-17T00:00:00.000,N/A,N/A,N/A,N/A,N/A,N/A,N/A,N/A,5:00PM,10:00PM,12:00PM,10:00PM,12:00PM,10:00PM,"F,S,U",Active,
Hudson Square Business Improvement District,Manhattan,Dominick Street,Varick Street,Little 6th Avenue,Temporary Limited Local Access,2020-06-25T00:00:00.000,11:00AM,3:00PM,11:00AM,3:00PM,11:00AM,3:00PM,11:00AM,3:00PM,11:00AM,3:00PM,11:00AM,3:00PM,11:00AM,3:00PM,ALL,Active,Y
Chinatown Business Improvement District,Manhattan,Doyers Street,Pell Street,Bowery,Temporary Limited Local Access,2020-05-23T00:00:00.000,10:00AM,7:00PM,10:00AM,7:00PM,10:00AM,7:00PM,10:00AM,7:00PM,10:00AM,7:00PM,10:00AM,7:00PM,10:00AM,7:00PM,ALL,Active,
Chinatown Business Improvement District,Manhattan,Doyers Street,Bowery,Pell Street,Temporary Full Closure,2020-07-03T00:00:00.000,12:00PM,11:00PM,12:00PM,11:00PM,12:00PM,11:00PM,12:00PM,11:00PM,12:00PM,11:00PM,12:00PM,11:00PM,12:00PM,11:00PM,ALL,Active,
North Brooklyn Open Streets Community Coalition,Brooklyn,Driggs Avenue,Monitor Street,Meeker Avenue,Temporary Limited Local Access,2020-06-25T00:00:00.000,8:00AM,8:00PM,8:00AM,8:00PM,8:00AM,8:00PM,8:00AM,8:00PM,8:00AM,8:00PM,8:00AM,8:00PM,8:00AM,8:00PM,ALL,Active,
Khe-Yo,Manhattan,Duane Street,Hudson Street,West Broadway,Temporary Full Closure,2020-09-11T00:00:00.000,11:00AM,10:00PM,11:00AM,10:00PM,11:00AM,10:00PM,11:00AM,10:00PM,11:00AM,10:00PM,12:00PM,11:00PM,12:00PM,11:00PM,ALL,Active,
Betsy Head Park,Brooklyn,Dumont Avenue,Thomas Boyland Street,Strauss Street,Temporary Limited Local Access,2020-05-23T00:00:00.000,8:00AM,8:00PM,8:00AM,8:00PM,8:00AM,8:00PM,8:00AM,8:00PM,8:00AM,8:00PM,8:00AM,8:00PM,8:00AM,8:00PM,ALL,Active,
Park Slope,Brooklyn,1st Street,Prospect Park West,8th Avenue,Temporary Limited Local Access,2020-06-01T00:00:00.000,8:00AM,8:00PM,8:00AM,8:00PM,8:00AM,8:00PM,8:00AM,8:00PM,8:00AM,8:00PM,8:00AM,8:00PM,8:00AM,8:00PM,ALL,inactive,
Tighe Triangle,Manhattan,Dyckman Street,Broadway,Seaman Avenue,Temporary Limited Local Access,2020-05-02T00:00:00.000,8:00AM,8:00PM,8:00AM,8:00PM,8:00AM,8:00PM,8:00AM,8:00PM,8:00AM,8:00PM,8:00AM,8:00PM,8:00AM,8:00PM,ALL,inactive,
Sushi Vida,Manhattan,Dyckman Street,Broadway,Seaman Avenue,Temporary Full Closure,2020-07-17T00:00:00.000,12:00PM,11:00PM,12:00PM,11:00PM,12:00PM,11:00PM,12:00PM,11:00PM,12:00PM,11:00PM,12:00PM,11:00PM,12:00PM,11:00PM,ALL,Active,
Long Island City,Queens,27th Street,Hunter Street,Queens Plaza South,Temporary Limited Local Access,2020-05-14T00:00:00.000,8:00AM,8:00PM,8:00AM,8:00PM,8:00AM,8:00PM,8:00AM,8:00PM,8:00AM,8:00PM,8:00AM,8:00PM,8:00AM,8:00PM,ALL,inactive,
Uptown Grand Central,Manhattan,East 101st Street,3rd Avenue,Park Avenue,Temporary Limited Local Access,2020-07-03T00:00:00.000,8:00AM,8:00PM,8:00AM,8:00PM,8:00AM,8:00PM,8:00AM,8:00PM,8:00AM,4:00PM,N/A,N/A,N/A,N/A,"M,T,W,R,F",Active,
Uptown Grand Central,Manhattan,East 101st Street,3rd Avenue,Park Avenue,Temporary Full Closure,2020-07-03T00:00:00.000,N/A,N/A,N/A,N/A,N/A,N/A,N/A,N/A,5:00PM,11:00PM,12:00PM,11:00PM,12:00PM,11:00PM,"F,S,U",Active,
Concrete Safaris,Manhattan,East 115th Street,Park Avenue,3rd Avenue,Temporary Limited Local Access,2020-05-14T00:00:00.000,2:00PM,5:30PM,2:00PM,5:30PM,2:00PM,5:30PM,2:00PM,5:30PM,2:00PM,5:30PM,N/A,N/A,N/A,N/A,"M,T,W,R,F",Active,
Mott Haven,Bronx,East 140th Street,Brook Avenue,Willis Avenue,Temporary Limited Local Access,2020-05-14T00:00:00.000,8:00AM,8:00PM,8:00AM,8:00PM,8:00AM,8:00PM,8:00AM,8:00PM,8:00AM,8:00PM,8:00AM,8:00PM,8:00AM,8:00PM,ALL,Active,
Alliance for Kips Bay,Manhattan,2nd Avenue Service Road,East 33rd Street,East 30th Street,Temporary Limited Local Access,2020-05-23T00:00:00.000,8:00AM,8:00PM,8:00AM,8:00PM,8:00AM,8:00PM,8:00AM,8:00PM,8:00AM,8:00PM,8:00AM,8:00PM,8:00AM,8:00PM,ALL,inactive,
Claremont,Bronx,East 169th Street,3rd Avenue,Webster Avenue,Temporary Limited Local Access,2020-07-24T00:00:00.000,8:00AM,8:00PM,8:00AM,8:00PM,8:00AM,8:00PM,8:00AM,8:00PM,8:00AM,8:00PM,8:00AM,8:00PM,8:00AM,8:00PM,ALL,Active,
Homecrest,Brooklyn,East 16th Street,Avenue R,Moore Place,Temporary Limited Local Access,2020-05-23T00:00:00.000,8:00AM,8:00PM,8:00AM,8:00PM,8:00AM,8:00PM,8:00AM,8:00PM,8:00AM,8:00PM,8:00AM,8:00PM,8:00AM,8:00PM,ALL,Active,
Stuyvesant Sq Park,Manhattan,East 16th Street,3rd Avenue,Rutherford Place,Temporary Limited Local Access,2020-05-23T00:00:00.000,8:00AM,8:00PM,8:00AM,8:00PM,8:00AM,8:00PM,8:00AM,8:00PM,8:00AM,8:00PM,8:00AM,8:00PM,8:00AM,8:00PM,ALL,Active,
Gramercy Neighborhood Associates,Manhattan,East 18th Street,Park Avenue South,Irving Place,Temporary Full Closure,2020-07-31T00:00:00.000,3:00PM,12:00AM,3:00PM,12:00AM,3:00PM,12:00AM,3:00PM,12:00AM,3:00PM,12:00AM,10:00AM,12:00AM,10:00AM,12:00AM,ALL,Active,
Rezdora,Manhattan,East 20th Street,Park Avenue,Broadway,Temporary Full Closure,2020-07-17T00:00:00.000,5:00PM,11:00PM,5:00PM,11:00PM,5:00PM,11:00PM,5:00PM,11:00PM,5:00PM,11:00PM,12:00PM,11:00PM,10:00AM,11:00PM,ALL,Active,
The Churchill,Manhattan,East 28th Street,Madison Avenue,Park Avenue,Temporary Full Closure,2020-08-28T00:00:00.000,N/A,N/A,N/A,N/A,N/A,N/A,N/A,N/A,5:00PM,11:00PM,12:00PM,11:00PM,12:00PM,11:00PM,"F,S,U",Active,Y
Carroll Gardens,Brooklyn,2nd Place,Smith Street,Henry Street,Temporary Limited Local Access,2020-05-14T00:00:00.000,8:00AM,8:00PM,8:00AM,8:00PM,8:00AM,8:00PM,8:00AM,8:00PM,8:00AM,8:00PM,8:00AM,8:00PM,8:00AM,8:00PM,ALL,inactive,
Thai Community USA,Queens,37th Avenue,75th Street,80th Street,Temporary Limited Local Access,2020-06-25T00:00:00.000,N/A,N/A,N/A,N/A,N/A,N/A,N/A,N/A,N/A,N/A,N/A,N/A,10:00AM,4:00PM,U,inactive,
East Flatbush,Brooklyn,East 32nd Street,Snyder Avenue,Church Avenue,Temporary Limited Local Access,2020-05-23T00:00:00.000,8:00AM,8:00PM,8:00AM,8:00PM,8:00AM,8:00PM,8:00AM,8:00PM,8:00AM,8:00PM,8:00AM,8:00PM,8:00AM,8:00PM,ALL,Active,
Hangawi Restaurant,Manhattan,East 32nd Street,5th Avenue,Madison Avenue,Temporary Full Closure,2020-07-17T00:00:00.000,N/A,N/A,N/A,N/A,N/A,N/A,N/A,N/A,5:00PM,11:00PM,12:00PM,11:00PM,12:00PM,11:00PM,"F,S,U",Active,
Central Park,Manhattan,East 61st Street,York Avenue,5th Avenue,Protected Bike Lane,2020-06-25T00:00:00.000,12:00AM,12:00AM,12:00AM,12:00AM,12:00AM,12:00AM,12:00AM,12:00AM,12:00AM,12:00AM,12:00AM,12:00AM,12:00AM,12:00AM,ALL,Inactive,
Central Park,Manhattan,East 62nd Street,5th Avenue,York Avenue,Protected Bike Lane,2020-06-25T00:00:00.000,12:00AM,12:00AM,12:00AM,12:00AM,12:00AM,12:00AM,12:00AM,12:00AM,12:00AM,12:00AM,12:00AM,12:00AM,12:00AM,12:00AM,ALL,Inactive,
Overthrow Hospitality,Manhattan,East 7th Street,Avenue A,1st Avenue,Temporary Full Closure,2020-07-17T00:00:00.000,4:00PM,11:00PM,4:00PM,11:00PM,4:00PM,11:00PM,4:00PM,11:00PM,4:00PM,11:00PM,4:00PM,11:00PM,4:00PM,11:00PM,ALL,Active,
Sunnyside Shines,Queens,46th Street,Queens Boulevard,Greenpoint Avenue,Temporary Limited Local Access,2020-05-14T00:00:00.000,N/A,N/A,N/A,N/A,N/A,N/A,N/A,N/A,N/A,N/A,10:00AM,6:00PM,10:00AM,6:00PM,"S,U",inactive,
Church of the Heavenly Rest,Manhattan,East 90th Street,5th Avenue,Madison Avenue,Temporary Full Closure,2020-07-24T00:00:00.000,8:00AM,8:00PM,8:00AM,8:00PM,8:00AM,8:00PM,8:00AM,8:00PM,8:00AM,8:00PM,8:00AM,8:00PM,8:00AM,8:00PM,ALL,Active,
Carl Schurz Park,Manhattan,East End Avenue,East 83rd Street,East 89th Street,Temporary Limited Local Access,2020-05-02T00:00:00.000,8:00AM,8:00PM,8:00AM,8:00PM,8:00AM,8:00PM,8:00AM,8:00PM,8:00AM,8:00PM,8:00AM,8:00PM,8:00AM,8:00PM,ALL,Active,
Forest Park,Queens,East Main Drive,Metropolitan Avenue,Overlook Parking Lot,Temporary Full Closure,2020-05-02T00:00:00.000,24/7,24/7,24/7,24/7,24/7,24/7,24/7,24/7,24/7,24/7,24/7,24/7,24/7,24/7,ALL,Active,
Jackie Robinson Park,Manhattan,Edgecombe Avenue,St. Nicholas Place,West 145th Street,Temporary Limited Local Access,2020-05-14T00:00:00.000,8:00AM,8:00PM,8:00AM,8:00PM,8:00AM,8:00PM,8:00AM,8:00PM,8:00AM,8:00PM,8:00AM,8:00PM,8:00AM,8:00PM,ALL,Active,
Peasant,Manhattan,Elizabeth Street,Spring Street,Prince Street,Temporary Full Closure,2020-08-14T00:00:00.000,4:30PM,11:00PM,4:30PM,11:00PM,4:30PM,11:00PM,4:30PM,11:00PM,4:30PM,11:00PM,11:00AM,11:00PM,11:00AM,11:00PM,"M,T,R,W,F,S,U",Active,
Bushwick,Brooklyn,Ellery Street,Broadway,Beaver Street,Temporary Limited Local Access,2020-06-25T00:00:00.000,8:00AM,8:00PM,8:00AM,8:00PM,8:00AM,8:00PM,8:00AM,8:00PM,8:00AM,8:00PM,8:00AM,8:00PM,8:00AM,8:00PM,ALL,Active,
Prospect Park,Brooklyn,Flatbush Avenue,Grand Army Plaza,Ocean Avenue,Protected Bike Lane,2020-05-14T00:00:00.000,12:00AM,12:00AM,12:00AM,12:00AM,12:00AM,12:00AM,12:00AM,12:00AM,12:00AM,12:00AM,12:00AM,12:00AM,12:00AM,12:00AM,ALL,Inactive,Y
Captain Rivera Playground,Bronx,Forest Avenue,East 156th Street,Westchester Avenue,Temporary Limited Local Access,2020-06-25T00:00:00.000,8:00AM,8:00PM,8:00AM,8:00PM,8:00AM,8:00PM,8:00AM,8:00PM,8:00AM,8:00PM,8:00AM,8:00PM,8:00AM,8:00PM,ALL,Active,
Sunnyside,Queens,50th Avenue,48th Street,44th Street,Temporary Limited Local Access,2020-05-23T00:00:00.000,8:00AM,8:00PM,8:00AM,8:00PM,8:00AM,8:00PM,8:00AM,8:00PM,8:00AM,8:00PM,8:00AM,8:00PM,8:00AM,8:00PM,ALL,inactive,
Forest Park,Queens,Freedom Drive,Park Lane South,Myrtle Avenue,Temporary Full Closure,2020-05-02T00:00:00.000,24/7,24/7,24/7,24/7,24/7,24/7,24/7,24/7,24/7,24/7,24/7,24/7,24/7,24/7,ALL,Active,
Seaport,Manhattan,Front Street,Beekman Street,Peck Slip,Temporary Limited Local Access,2020-05-23T00:00:00.000,8:00AM,8:00PM,8:00AM,8:00PM,8:00AM,8:00PM,8:00AM,8:00PM,8:00AM,8:00PM,8:00AM,8:00PM,8:00AM,8:00PM,ALL,Active,
Hopkins and Hawley,Manhattan,Front Street,Peck Slip,Beekman Street,Temporary Full Closure,2020-08-14T00:00:00.000,N/A,N/A,N/A,N/A,N/A,N/A,4:00PM,11:00PM,4:00PM,11:00PM,12:00PM,11:00PM,12:00PM,11:00PM,"R,F,S,U",Active,
Long Island City,Queens,5th Street,46th Avenue,49th Avenue,Temporary Limited Local Access,2020-05-14T00:00:00.000,8:00AM,8:00PM,8:00AM,8:00PM,8:00AM,8:00PM,8:00AM,8:00PM,8:00AM,8:00PM,8:00AM,8:00PM,8:00AM,8:00PM,ALL,inactive,
Gorman Playground/East Elmhurt,Queens,85th Street,25th Avenue,30th Avenue,Temporary Limited Local Access,2020-05-23T00:00:00.000,8:00AM,8:00PM,8:00AM,8:00PM,8:00AM,8:00PM,8:00AM,8:00PM,8:00AM,8:00PM,8:00AM,8:00PM,8:00AM,8:00PM,ALL,inactive,
Meatpacking Business Improvement District,Manhattan,Gansevoort Street,Hudson Street,Washington Street,Temporary Full Closure,2020-07-03T00:00:00.000,3:00PM,10:00PM,3:00PM,10:00PM,3:00PM,10:00PM,3:00PM,10:00PM,3:00PM,10:00PM,10:00AM,10:00PM,10:00AM,10:00PM,ALL,inactive,
Concord Hill,Brooklyn,Graham Avenue,Skillman Avenue,Conselyea Street,Temporary Full Closure,2020-07-17T00:00:00.000,N/A,N/A,N/A,N/A,N/A,N/A,N/A,N/A,4:00PM,12:00AM,11:00AM,12:00AM,11:00AM,12:00AM,"F,S,U",Active,
Grand Concourse,Bronx,Grand Concourse,East 138th Street,East 149th Street,Protected Bike Lane,2020-06-25T00:00:00.000,12:00AM,12:00AM,12:00AM,12:00AM,12:00AM,12:00AM,12:00AM,12:00AM,12:00AM,12:00AM,12:00AM,12:00AM,12:00AM,12:00AM,ALL,Inactive,Y
North Brooklyn Open Streets Community Coalition,Brooklyn,Grand Street,Roebling Street,Marcy Avenue,Temporary Limited Local Access,2020-05-23T00:00:00.000,8:00AM,8:00PM,8:00AM,8:00PM,8:00AM,8:00PM,8:00AM,8:00PM,8:00AM,8:00PM,8:00AM,8:00PM,8:00AM,8:00PM,ALL,Inactive,
Gertie,Brooklyn,Grand Street,Marcy Avenue,Roebling Street,Temporary Full Closure,2020-09-11T00:00:00.000,N/A,N/A,N/A,N/A,N/A,N/A,N/A,N/A,5:00PM,11:00PM,10:00AM,11:00PM,10:00AM,11:00PM,"F,S,U",Active,
Grant Park,Bronx,Grant Avenue,East 170th Street,East 169th Street,Temporary Limited Local Access,2020-05-02T00:00:00.000,8:00AM,8:00PM,8:00AM,8:00PM,8:00AM,8:00PM,8:00AM,8:00PM,8:00AM,8:00PM,8:00AM,8:00PM,8:00AM,8:00PM,ALL,Active,
Forest Hills,Queens,Ascan Avenue,Queens Boulevard,Austin Street,Temporary Limited Local Access,2020-05-23T00:00:00.000,8:00AM,8:00PM,8:00AM,8:00PM,8:00AM,8:00PM,8:00AM,8:00PM,8:00AM,8:00PM,8:00AM,8:00PM,8:00AM,8:00PM,ALL,inactive,
Connectemos,Manhattan,Audubon Avenue,West 186th Street,West 188th Street,Temporary Limited Local Access,2020-06-25T00:00:00.000,8:00AM,8:00PM,8:00AM,8:00PM,8:00AM,8:00PM,8:00AM,8:00PM,8:00AM,8:00PM,8:00AM,8:00PM,8:00AM,8:00PM,ALL,inactive,
Midwood,Brooklyn,Avenue K,15th Street,17th Street,Temporary Limited Local Access,2020-06-25T00:00:00.000,8:00AM,8:00PM,8:00AM,8:00PM,8:00AM,8:00PM,8:00AM,8:00PM,8:00AM,8:00PM,8:00AM,8:00PM,8:00AM,8:00PM,ALL,inactive,
Hall Street Block Association,Brooklyn,Hall Street,Park Avenue,Myrtle Avenue,Temporary Limited Local Access,2020-05-14T00:00:00.000,8:00AM,8:00PM,8:00AM,8:00PM,8:00AM,8:00PM,8:00AM,8:00PM,8:00AM,8:00PM,8:00AM,8:00PM,8:00AM,8:00PM,ALL,Active,
Port Richmond,Staten Island,Henderson Avenue,Broadway,Alaska Street,Temporary Limited Local Access,2020-07-16T00:00:00.000,8:00AM,8:00PM,8:00AM,8:00PM,8:00AM,8:00PM,8:00AM,8:00PM,8:00AM,8:00PM,8:00AM,8:00PM,8:00AM,8:00PM,ALL,Active,Y
Red Hook Recreation Center,Brooklyn,Henry Street,Lorraine Street,Bay Street,Temporary Limited Local Access,2020-06-25T00:00:00.000,8:00AM,8:00PM,8:00AM,8:00PM,8:00AM,8:00PM,8:00AM,8:00PM,8:00AM,8:00PM,8:00AM,8:00PM,8:00AM,8:00PM,ALL,Active,
Little Italy Merchants Association,Manhattan,Hester Street,Mulberry Street,Mott Street,Temporary Full Closure,2020-07-03T00:00:00.000,N/A,N/A,N/A,N/A,N/A,N/A,N/A,N/A,5:00PM,11:00PM,12:00PM,11:00PM,12:00PM,11:00PM,"F,S,U",Active,
Staten Island Open and Play Streets Coalition,Staten Island,Hill Street,Tompkins Street,Warren Street,Open Streets Play,2020-07-24T00:00:00.000,N/A,N/A,N/A,N/A,N/A,N/A,12:00PM,4:00PM,N/A,N/A,N/A,N/A,N/A,N/A,"R,F,S,U",inactive,
East Bronx,Bronx,Holland Avenue,Boston Road,South Oak Drive,Temporary Limited Local Access,2020-06-25T00:00:00.000,8:00AM,8:00PM,8:00AM,8:00PM,8:00AM,8:00PM,8:00AM,8:00PM,8:00AM,8:00PM,8:00AM,8:00PM,8:00AM,8:00PM,ALL,Active,
Park Slope,Brooklyn,Butler Street,Gregory Place,4th Avenue,Temporary Limited Local Access,2020-05-23T00:00:00.000,8:00AM,8:00PM,8:00AM,8:00PM,8:00AM,8:00PM,8:00AM,8:00PM,8:00AM,8:00PM,8:00AM,8:00PM,8:00AM,8:00PM,ALL,inactive,
"Prospect Heights Neighborhood Development Council, Inc.",Brooklyn,Carlton Avenue,Flatbush Avenue,Bergen Street,Temporary Limited Local Access,2020-05-23T00:00:00.000,8:00AM,8:00PM,8:00AM,8:00PM,8:00AM,8:00PM,8:00AM,8:00PM,8:00AM,4:00PM,N/A,N/A,N/A,N/A,"M,T,W,R,F",inactive,Y
Hudson Yards Hell's Kitchen Alliance,Manhattan,Hudson Blvd East,West 35th Street,West 36th Street,Temporary Limited Local Access,2020-05-14T00:00:00.000,8:00AM,8:00PM,8:00AM,8:00PM,8:00AM,8:00PM,8:00AM,8:00PM,8:00AM,8:00PM,8:00AM,8:00PM,8:00AM,8:00PM,ALL,Active,
Hudson Yards Hell's Kitchen Alliance,Manhattan,Hudson Blvd West,West 35th Street,West 36th Street,Temporary Limited Local Access,2020-05-14T00:00:00.000,8:00AM,8:00PM,8:00AM,8:00PM,8:00AM,8:00PM,8:00AM,8:00PM,8:00AM,8:00PM,8:00AM,8:00PM,8:00AM,8:00PM,ALL,Active,
Bushwick,Brooklyn,Humboldt Street,Moore Street,Flushing Avenue,Temporary Limited Local Access,2020-06-25T00:00:00.000,8:00AM,8:00PM,8:00AM,8:00PM,8:00AM,8:00PM,8:00AM,8:00PM,8:00AM,8:00PM,8:00AM,8:00PM,8:00AM,8:00PM,ALL,Active,
Police Athletic League,Bronx,Humboldt Street,Moore Street,Varet Street,Open Streets Play,2020-07-24T00:00:00.000,12:00PM,5:00PM,12:00PM,5:00PM,12:00PM,5:00PM,12:00PM,5:00PM,N/A,N/A,N/A,N/A,N/A,N/A,"M,T,W,R",inactive,
Gramercy,Manhattan,Irving Place,East 16th Street,East 20th Street,Temporary Limited Local Access,2020-05-23T00:00:00.000,8:00AM,8:00PM,8:00AM,8:00PM,8:00AM,8:00PM,8:00AM,8:00PM,8:00AM,8:00PM,8:00AM,8:00PM,8:00AM,8:00PM,ALL,Active,
St. Mary's Park,Bronx,Jackson Avenue,East 143rd Street,East 147th Street,Temporary Limited Local Access,2020-05-14T00:00:00.000,8:00AM,8:00PM,8:00AM,8:00PM,8:00AM,8:00PM,8:00AM,8:00PM,8:00AM,8:00PM,8:00AM,8:00PM,8:00AM,8:00PM,ALL,Active,
West Village,Manhattan,Jane Street,Hudson Street,8th Avenue,Temporary Limited Local Access,2020-07-24T00:00:00.000,8:00AM,8:00PM,8:00AM,8:00PM,8:00AM,8:00PM,8:00AM,8:00PM,8:00AM,8:00PM,8:00AM,8:00PM,8:00AM,8:00PM,ALL,Active,
700 Jefferson Avenue Block Association,Brooklyn,Jefferson Avenue,Patchen Avenue,Malcolm X Boulevard,Temporary Limited Local Access,2020-07-24T00:00:00.000,N/A,N/A,N/A,N/A,N/A,N/A,N/A,N/A,12:00PM,8:00PM,12:00PM,8:00PM,12:00PM,8:00PM,"F,S,U",Active,
LES Enfants de Boheme,Manhattan,Jefferson Street,East Broadway,Madison Street,Temporary Limited Local Access,2020-06-25T00:00:00.000,10:00AM,9:00PM,N/A,N/A,N/A,N/A,10:00AM,9:00PM,10:00AM,9:00PM,10:00AM,9:00PM,10:00AM,9:00PM,"R,F,S,U",Active,
"Prospect Heights Neighborhood Development Council, Inc.",Brooklyn,Carlton Avenue,Dean Street,Bergen Street,Temporary Limited Local Access,2020-06-25T00:00:00.000,8:00AM,8:00PM,8:00AM,8:00PM,8:00AM,8:00PM,8:00AM,8:00PM,8:00AM,4:00PM,N/A,N/A,N/A,N/A,"M,T,W,R,F",inactive,
Greenwich Village,Manhattan,Jones Street,Bleecker Street,West 4th Street,Temporary Limited Local Access,2020-05-23T00:00:00.000,8:00AM,8:00PM,8:00AM,8:00PM,8:00AM,8:00PM,8:00AM,8:00PM,8:00AM,8:00PM,8:00AM,8:00PM,8:00AM,8:00PM,ALL,inactive,
Blind Tiger,Manhattan,Jones Street,Bleecker Street,West 4th Street,Temporary Full Closure,2020-07-17T00:00:00.000,5:00PM,10:00PM,5:00PM,10:00PM,5:00PM,10:00PM,5:00PM,10:00PM,5:00PM,10:00PM,11:00AM,11:00PM,11:00AM,11:00PM,ALL,Active,
Willowtown Association,Brooklyn,Joralemon Street,Hicks Street,Furman Street,Temporary Limited Local Access,2020-05-14T00:00:00.000,8:00AM,8:00PM,8:00AM,8:00PM,8:00AM,8:00PM,8:00AM,8:00PM,8:00AM,8:00PM,8:00AM,8:00PM,8:00AM,8:00PM,ALL,Active,
Hudson Square Business Improvement District,Manhattan,King Street,Hudson Street,Greenwich Street,Temporary Limited Local Access,2020-06-25T00:00:00.000,11:00AM,3:00PM,11:00AM,3:00PM,11:00AM,3:00PM,11:00AM,3:00PM,11:00AM,3:00PM,11:00AM,3:00PM,11:00AM,N/A,ALL,Active,
Osteria Morini,Manhattan,Lafayette Street,Spring Street,Kenmare Street,Temporary Full Closure,2020-07-17T00:00:00.000,12:00PM,11:00PM,12:00PM,11:00PM,12:00PM,11:00PM,12:00PM,11:00PM,12:00PM,11:00PM,12:00PM,11:00PM,12:00PM,11:00PM,ALL,Active,
Lower Manhattann/SoHo,Manhattan,Lafayette Street,Brooklyn Bridge,Spring Street,Protected Bike Lane,2020-06-25T00:00:00.000,12:00AM,12:00AM,12:00AM,12:00AM,12:00AM,12:00AM,12:00AM,12:00AM,12:00AM,12:00AM,12:00AM,12:00AM,12:00AM,12:00AM,ALL,Inactive,
Baisley Pond Park,Queens,Lakeview Blvd East,118th Avenue,122nd Avenue,Temporary Limited Local Access,2020-05-23T00:00:00.000,8:00AM,8:00PM,8:00AM,8:00PM,8:00AM,8:00PM,8:00AM,8:00PM,8:00AM,8:00PM,8:00AM,8:00PM,8:00AM,8:00PM,ALL,Active,
Baisley Pond Park,Queens,Lakeview Lane,122nd Avenue,Baisley Boulevard,Temporary Limited Local Access,2020-05-23T00:00:00.000,8:00AM,8:00PM,8:00AM,8:00PM,8:00AM,8:00PM,8:00AM,8:00PM,8:00AM,8:00PM,8:00AM,8:00PM,8:00AM,8:00PM,ALL,Active,
Highbridge Park,Manhattan,Laurel Hill Terrace,Amsterdam Avenue,Amsterdam Avenue,Temporary Limited Local Access,2020-05-02T00:00:00.000,8:00AM,8:00PM,8:00AM,8:00PM,8:00AM,8:00PM,8:00AM,8:00PM,8:00AM,8:00PM,8:00AM,8:00PM,8:00AM,8:00PM,ALL,Active,
"Prospect Heights Neighborhood Development Council, Inc.",Brooklyn,Carlton Avenue,Pacific Street,Saint Marks Avenue,Temporary Limited Local Access,2020-06-25T00:00:00.000,8:00AM,8:00PM,8:00AM,8:00PM,8:00AM,8:00PM,8:00AM,8:00PM,8:00AM,4:00PM,N/A,N/A,N/A,N/A,"M,T,W,R,F",inactive,
Sternberg Park,Brooklyn,Leonard Street,Montrose Avenue,Boerum Street,Temporary Limited Local Access,2020-05-14T00:00:00.000,8:00AM,8:00PM,8:00AM,8:00PM,8:00AM,8:00PM,8:00AM,8:00PM,8:00AM,8:00PM,8:00AM,8:00PM,8:00AM,8:00PM,ALL,Active,
Prospect Heights,Brooklyn,Lincoln Place,Washington Avenue,Bedford Avenue,Temporary Limited Local Access,2020-05-23T00:00:00.000,8:00AM,8:00PM,8:00AM,8:00PM,8:00AM,8:00PM,8:00AM,8:00PM,8:00AM,8:00PM,8:00AM,8:00PM,8:00AM,8:00PM,ALL,Active,
Hudson Square Business Improvement District,Manhattan,Little 6th Avenue,Spring Street,Broome Street,Temporary Limited Local Access,2020-06-25T00:00:00.000,9:00AM,5:00PM,9:00AM,5:00PM,9:00AM,5:00PM,9:00AM,11:00PM,9:00AM,11:00PM,9:00AM,11:00PM,9:00AM,11:00PM,"M,T,W,R,F,S,U",Active,
Hunters Point South,Queens,Center Boulevard,57th Avenue,Borden Avenue,Temporary Limited Local Access,2020-05-23T00:00:00.000,8:00AM,8:00PM,8:00AM,8:00PM,8:00AM,8:00PM,8:00AM,8:00PM,8:00AM,8:00PM,8:00AM,8:00PM,8:00AM,8:00PM,ALL,inactive,
Bay Ridge,Brooklyn,Colonial Road,86th Street,83rd Street,Temporary Limited Local Access,2020-05-23T00:00:00.000,8:00AM,8:00PM,8:00AM,8:00PM,8:00AM,8:00PM,8:00AM,8:00PM,8:00AM,8:00PM,8:00AM,8:00PM,8:00AM,8:00PM,ALL,inactive,
Brownsville,Brooklyn,Livonia Avenue,Junius Street,Powell Street,Temporary Limited Local Access,2020-06-25T00:00:00.000,8:00AM,8:00PM,8:00AM,8:00PM,8:00AM,8:00PM,8:00AM,8:00PM,8:00AM,8:00PM,8:00AM,8:00PM,8:00AM,8:00PM,ALL,Active,
Rockrose,Queens,Dutch Kills,Jackson Avenue,Sunnyside Yards,Temporary Limited Local Access,2020-07-24T00:00:00.000,8:00AM,8:00PM,8:00AM,8:00PM,8:00AM,8:00PM,8:00AM,8:00PM,8:00AM,8:00PM,8:00AM,8:00PM,8:00AM,8:00PM,ALL,inactive,
Lower East Side Partnership,Manhattan,Ludlow Street,Rivington Street,Stanton Street,Temporary Limited Local Access,2020-05-07T00:00:00.000,12:00PM,8:00PM,12:00PM,8:00PM,12:00PM,8:00PM,12:00PM,8:00PM,12:00PM,8:00PM,12:00PM,8:00PM,12:00PM,8:00PM,ALL,Active,
Village Alliance,Manhattan,MacDougal Street,West 8th Street,West 4th Street,Temporary Limited Local Access,2020-05-23T00:00:00.000,N/A,N/A,N/A,N/A,N/A,N/A,N/A,N/A,N/A,N/A,N/A,N/A,8:30AM,1:30PM,U,Active,
MacDougal Merchants Association,Manhattan,MacDougal Street,West 8th Street,West 3rd Street,Temporary Full Closure,2020-07-17T00:00:00.000,12:00PM,11:00PM,12:00PM,11:00PM,12:00PM,11:00PM,12:00PM,11:00PM,12:00PM,11:00PM,12:00PM,11:00PM,10:00AM,11:00PM,ALL,Active,
Bed-Stuy,Brooklyn,Macon Street,Arlington Place,Tompkins Avenue,Temporary Limited Local Access,2020-05-23T00:00:00.000,8:00AM,8:00PM,8:00AM,8:00PM,8:00AM,8:00PM,8:00AM,8:00PM,8:00AM,8:00PM,8:00AM,8:00PM,8:00AM,8:00PM,ALL,Active,
Uptown Grand Central,Manhattan,East 101st Street,3rd Avenue,Park Avenue,Temporary Limited Local Access,2020-07-17T00:00:00.000,12:00PM,8:00PM,12:00PM,8:00PM,12:00PM,8:00PM,12:00PM,8:00PM,12:00PM,8:00PM,12:00PM,8:00PM,12:00PM,8:00PM,"F,S,U",inactive,
Third Avenue Business Improvement District,Bronx,East 148th Street,Willis Avenue,Bergen Avenue,Temporary Limited Local Access,2020-05-07T00:00:00.000,10:00AM,6:00PM,10:00AM,6:00PM,10:00AM,6:00PM,10:00AM,6:00PM,10:00AM,6:00PM,N/A,N/A,N/A,N/A,"M,T,W,R,F",inactive,
Concourse,Bronx,McClellan Street,River Avenue,Cromwell Avenue,Temporary Limited Local Access,2020-06-25T00:00:00.000,8:00AM,8:00PM,8:00AM,8:00PM,8:00AM,8:00PM,8:00AM,8:00PM,8:00AM,8:00PM,8:00AM,8:00PM,8:00AM,8:00PM,ALL,Active,
Flushing Meadows,Queens,Meadow Lake Drive,Model AirPlane Field/Van Wyck Blvd On Ramp,Meadow Lake Bridge Parking Lot,Temporary Full Closure,2020-05-02T00:00:00.000,24/7,24/7,24/7,24/7,24/7,24/7,24/7,24/7,24/7,24/7,24/7,24/7,24/7,24/7,ALL,Active,
Flatiron 23rd Street Partnership,Manhattan,East 29th Street,Broadway,Madison Avenue,Temporary Limited Local Access,2020-06-25T00:00:00.000,8:00AM,8:00PM,8:00AM,8:00PM,8:00AM,8:00PM,8:00AM,8:00PM,8:00AM,8:00PM,8:00AM,8:00PM,8:00AM,8:00PM,ALL,inactive,
Brooklyn Heights,Brooklyn,Montague Street,Hicks Street,Pierrepont Place,Temporary Limited Local Access,2020-06-25T00:00:00.000,8:00AM,8:00PM,8:00AM,8:00PM,8:00AM,8:00PM,8:00AM,8:00PM,8:00AM,8:00PM,8:00AM,8:00PM,8:00AM,8:00PM,ALL,Active,
Kensington,Brooklyn,East 7th Street,Caton Avenue,Ditmas Avenue,Temporary Limited Local Access,2020-05-14T00:00:00.000,8:00AM,8:00PM,8:00AM,8:00PM,8:00AM,8:00PM,8:00AM,8:00PM,8:00AM,8:00PM,8:00AM,8:00PM,8:00AM,8:00PM,ALL,inactive,
Homecrest,Brooklyn,Moore Place,East 16th Street,East 17th Street,Temporary Limited Local Access,2020-05-23T00:00:00.000,8:00AM,8:00PM,8:00AM,8:00PM,8:00AM,8:00PM,8:00AM,8:00PM,8:00AM,8:00PM,8:00AM,8:00PM,8:00AM,8:00PM,ALL,Active,
Bushwick,Brooklyn,Moore Street,Humboldt Street,Bushwick Avenue,Temporary Limited Local Access,2020-06-25T00:00:00.000,8:00AM,8:00PM,8:00AM,8:00PM,8:00AM,8:00PM,8:00AM,8:00PM,8:00AM,8:00PM,8:00AM,8:00PM,8:00AM,8:00PM,ALL,Active,
Morningside Park,Manhattan,Morningside Avenue,Manhattan Avenue,West 116th Street,Temporary Limited Local Access,2020-05-23T00:00:00.000,8:00AM,8:00PM,8:00AM,8:00PM,8:00AM,8:00PM,8:00AM,8:00PM,8:00AM,8:00PM,8:00AM,8:00PM,8:00AM,8:00PM,ALL,Active,
Little Italy Merchants Association,Manhattan,Mulberry Street,Broome Street,Hester Street,Temporary Full Closure,2020-07-03T00:00:00.000,N/A,N/A,N/A,N/A,N/A,N/A,N/A,N/A,5:00PM,11:00PM,12:00PM,11:00PM,12:00PM,11:00PM,"F,S,U",Active,
North Brooklyn Open Streets Community Coalition,Brooklyn,Nassau Avenue,Banker Street,Lorimer Street,Temporary Limited Local Access,2020-05-14T00:00:00.000,8:00AM,8:00PM,8:00AM,8:00PM,8:00AM,8:00PM,8:00AM,8:00PM,8:00AM,8:00PM,8:00AM,8:00PM,8:00AM,8:00PM,ALL,Active,
Morris Heights,Bronx,Nelson Avenue,Featherbed Lane,Macombs Road,Temporary Limited Local Access,2020-06-25T00:00:00.000,8:00AM,8:00PM,8:00AM,8:00PM,8:00AM,8:00PM,8:00AM,8:00PM,8:00AM,8:00PM,8:00AM,8:00PM,8:00AM,8:00PM,ALL,Active,
Stapleton Waterfront Park,Staten Island,Front Street,Canal Street,Edgewater Street,Temporary Limited Local Access,2020-05-02T00:00:00.000,8:00AM,8:00PM,8:00AM,8:00PM,8:00AM,8:00PM,8:00AM,8:00PM,8:00AM,8:00PM,8:00AM,8:00PM,8:00AM,8:00PM,ALL,inactive,
Port Richmond,Staten Island,New Street,Cottage Place,Jewett Avenue,Temporary Limited Local Access,2020-07-16T00:00:00.000,8:00AM,8:00PM,8:00AM,8:00PM,8:00AM,8:00PM,8:00AM,8:00PM,8:00AM,8:00PM,8:00AM,8:00PM,8:00AM,8:00PM,ALL,Active,
Bed Stuy,Brooklyn,Fulton Street,Marcy Avenue,Brooklyn Avenue,Temporary Limited Local Access,2020-06-25T00:00:00.000,8:00AM,8:00PM,8:00AM,8:00PM,8:00AM,8:00PM,8:00AM,8:00PM,8:00AM,8:00PM,8:00AM,8:00PM,8:00AM,8:00PM,ALL,inactive,
Central Astoria Local Development Corportation,Queens,Newtown Avenue,30th Avenue,31st Street,Temporary Limited Local Access,2020-06-25T00:00:00.000,N/A,N/A,N/A,N/A,N/A,N/A,N/A,N/A,10:00AM,8:00PM,10:00AM,8:00PM,10:00AM,8:00PM,"F,S,U",inactive,
Green Central Knoll Park,Brooklyn,Noll Street,Evergreen Avenue,Central Avenue,Temporary Limited Local Access,2020-05-23T00:00:00.000,8:00AM,8:00PM,8:00AM,8:00PM,8:00AM,8:00PM,8:00AM,8:00PM,8:00AM,8:00PM,8:00AM,8:00PM,8:00AM,8:00PM,ALL,Active,
Williamsburg,Brooklyn,North 3rd Street,Kent Avenue,Metropolitan Avenue,Temporary Limited Local Access,2020-05-23T00:00:00.000,8:00AM,8:00PM,8:00AM,8:00PM,8:00AM,8:00PM,8:00AM,8:00PM,8:00AM,8:00PM,8:00AM,8:00PM,8:00AM,8:00PM,ALL,Active,
Commodore Barry Park,Brooklyn,North Elliott Place,Park Avenue,Flushing Avenue,Temporary Limited Local Access,2020-06-25T00:00:00.000,8:00AM,8:00PM,8:00AM,8:00PM,8:00AM,8:00PM,8:00AM,8:00PM,8:00AM,8:00PM,8:00AM,8:00PM,8:00AM,8:00PM,ALL,Active,
Central Queens,Queens,Northern Boulevard,41st Avenue,Broadway,Protected Bike Lane,2020-06-25T00:00:00.000,12:00AM,12:00AM,12:00AM,12:00AM,12:00AM,12:00AM,12:00AM,12:00AM,12:00AM,12:00AM,12:00AM,12:00AM,12:00AM,12:00AM,ALL,Inactive,
Quarry Ballfields,Bronx,Oak Tree Place,Hughes Avenue,Quarry Road,Temporary Limited Local Access,2020-05-14T00:00:00.000,8:00AM,8:00PM,8:00AM,8:00PM,8:00AM,8:00PM,8:00AM,8:00PM,8:00AM,8:00PM,8:00AM,8:00PM,8:00AM,8:00PM,ALL,Active,
Fresh Air Fund,Bronx,Oak Tree Place,Hughes Avenue,Quarry Road,Open Streets Play,2020-07-24T00:00:00.000,10:00AM,4:00PM,10:00AM,4:00PM,10:00AM,4:00PM,10:00AM,4:00PM,N/A,N/A,N/A,N/A,N/A,N/A,"M,T,W,R",inactive,Y
Ridgewood,Queens,Onderdonk Avenue,Starr Street,DeKalb Avenue,Temporary Limited Local Access,2020-06-25T00:00:00.000,8:00AM,8:00PM,8:00AM,8:00PM,8:00AM,8:00PM,8:00AM,8:00PM,8:00AM,8:00PM,8:00AM,8:00PM,8:00AM,8:00PM,ALL,Active,
Lower East Side Partnership,Manhattan,Orchard Street,Delancey Street,East Houston Street,Temporary Limited Local Access,2020-05-07T00:00:00.000,12:00PM,8:00PM,12:00PM,8:00PM,12:00PM,8:00PM,12:00PM,8:00PM,12:00PM,8:00PM,12:00PM,8:00PM,12:00PM,8:00PM,ALL,Active,Y
Lower East Side Partnership,Manhattan,Orchard Street,Grand Street,Delancey Street,Temporary Full Closure,2020-07-03T00:00:00.000,12:00PM,11:00PM,12:00PM,11:00PM,12:00PM,11:00PM,12:00PM,11:00PM,12:00PM,11:00PM,12:00PM,11:00PM,12:00PM,11:00PM,ALL,Active,Y
Boreum Hill Association,Brooklyn,Pacific Street,Smith Street,Nevins Street,Temporary Limited Local Access,2020-06-25T00:00:00.000,N/A,N/A,N/A,N/A,N/A,N/A,N/A,N/A,N/A,N/A,8:00AM,8:00PM,8:00AM,8:00PM,"S,U",Active,
Crown Heights,Brooklyn,Park Place,New York Avenue,Kingston Avenue,Temporary Limited Local Access,2020-05-23T00:00:00.000,8:00AM,8:00PM,8:00AM,8:00PM,8:00AM,8:00PM,8:00AM,8:00PM,8:00AM,8:00PM,8:00AM,8:00PM,8:00AM,8:00PM,ALL,Active,
Fresh Air Fund,Brooklyn,Park Place,New York Avenue,Kingston Avenue,Open Streets Play,2020-07-24T00:00:00.000,10:00AM,4:00PM,10:00AM,4:00PM,10:00AM,4:00PM,10:00AM,4:00PM,N/A,N/A,N/A,N/A,N/A,N/A,"M,T,W,R",inactive,
Grattan Street Merhcant Group,Brooklyn,Grattan Street,Morgan Avenue,Bogart Street,Temporary Limited Local Access,2021-05-23T00:00:00.000,N/A,N/A,N/A,N/A,N/A,N/A,N/A,N/A,N/A,N/A,N/A,N/A,10:00AM,8:00PM,U,Active,
Alliance for Downtown New York,Manhattan,Pearl Street,Broad Street,Wall Street,Temporary Limited Local Access,2020-05-23T00:00:00.000,11:00AM,3:00PM,11:00AM,3:00PM,11:00AM,3:00PM,11:00AM,3:00PM,11:00AM,3:00PM,11:00AM,3:00PM,11:00AM,3:00PM,ALL,Active,
Alliance for Downtown New York,Manhattan,Pearl Street,Broad Street,Wall Street,Temporary Full Closure,2020-07-17T00:00:00.000,5:00PM,11:00PM,5:00PM,11:00PM,5:00PM,11:00PM,5:00PM,11:00PM,5:00PM,11:000PM,12:00PM,11:00PM,12:00PM,11:00PM,ALL,Active,
Flushing,Queens,Peck Avenue,137th Street,Main Street,Temporary Limited Local Access,2020-05-14T00:00:00.000,8:00AM,8:00PM,8:00AM,8:00PM,8:00AM,8:00PM,8:00AM,8:00PM,8:00AM,8:00PM,8:00AM,8:00PM,8:00AM,8:00PM,ALL,Active,
Chinatown Business Improvement District,Manhattan,Pell Street,Bowery,Mott Street,Temporary Full Closure,2020-07-31T00:00:00.000,5:00PM,11:00PM,5:00PM,11:00PM,5:00PM,11:00PM,5:00PM,11:00PM,5:00PM,11:00PM,12:00PM,11:00PM,10:00AM,11:00PM,ALL,Active,
Alliance for Downtown New York,Manhattan,Pine Street,William Street,Pearl Street,Temporary Full Closure,2020-07-17T00:00:00.000,5:00PM,11:00PM,5:00PM,11:00PM,5:00PM,11:00PM,5:00PM,11:00PM,5:00PM,11:000PM,12:00PM,11:00PM,12:00PM,11:00PM,ALL,Inactive,
Uptown Grand Central,Manhattan,Pleasant Avenue,East 118th Street,East 120th Street,Temporary Limited Local Access,2020-10-02T00:00:00.000,N/A,N/A,N/A,N/A,N/A,N/A,N/A,N/A,4:00PM,9:00PM,10:00AM,9:00PM,12:00PM,8:00PM,"F,S,U",Active,
Hudson Square Business Improvement District,Manhattan,Greenwich Street,Canal Street,Spring Street,Temporary Limited Local Access,2020-05-23T00:00:00.000,10:00AM,4:00PM,10:00AM,4:00PM,10:00AM,4:00PM,10:00AM,4:00PM,10:00AM,4:00PM,10:00AM,4:00PM,10:00AM,4:00PM,ALL,inactive,
Crown Heights,Brooklyn,Prospect Place,New York Avenue,Brooklyn Avenue,Temporary Limited Local Access,2020-05-14T00:00:00.000,8:00AM,8:00PM,8:00AM,8:00PM,8:00AM,8:00PM,8:00AM,8:00PM,8:00AM,8:00PM,8:00AM,8:00PM,8:00AM,8:00PM,ALL,Active,
Park Slope,Brooklyn,Gregory Place,Baltic Street,Butler Street,Temporary Limited Local Access,2020-05-23T00:00:00.000,8:00AM,8:00PM,8:00AM,8:00PM,8:00AM,8:00PM,8:00AM,8:00PM,8:00AM,8:00PM,8:00AM,8:00PM,8:00AM,8:00PM,ALL,inactive,
Downtown Brooklyn Partnership,Brooklyn,Lawrence Street,Fulton Street,Willoughby Street,Temporary Limited Local Access,2020-05-07T00:00:00.000,N/A,N/A,N/A,N/A,N/A,N/A,N/A,N/A,4:00PM,12:00AM,11:00AM,12:00PM,11:00AM,8:00PM,"F,S,U",Active,
Castle Hill,Bronx,Randall Avenue,Olmstead Avenue,Havemeyer Avenue,Temporary Limited Local Access,2020-06-25T00:00:00.000,8:00AM,8:00PM,8:00AM,8:00PM,8:00AM,8:00PM,8:00AM,8:00PM,8:00AM,8:00PM,8:00AM,8:00PM,8:00AM,8:00PM,ALL,Active,
Meatpacking Business Improvement District,Manhattan,Little West 12th Street,9th Avenue,Washington Street,Temporary Limited Local Access,2020-05-14T00:00:00.000,8:00AM,8:00PM,8:00AM,8:00PM,8:00AM,8:00PM,8:00AM,8:00PM,8:00AM,8:00PM,8:00AM,8:00PM,8:00AM,8:00PM,ALL,inactive,
Restaurant Marc Forgione,Manhattan,Reade Street,West Broadway,Greenwich Street,Temporary Full Closure,2020-09-11T00:00:00.000,N/A,N/A,4:00PM,11:00PM,4:00PM,11:00PM,4:00PM,11:00PM,4:00PM,11:00PM,4:00PM,11:00PM,4:00PM,11:00PM,"R,F,S,U",inactive,
Kesher Bridging Communities,Queens,Reads Lane,Empire Avenue,Jarvis Avenue,Temporary Limited Local Access,2020-06-25T00:00:00.000,N/A,N/A,N/A,N/A,N/A,N/A,N/A,N/A,12:00PM,9:00PM,8:00AM,8:00PM,12:00PM,8:00PM,"F,S,U",Active,
Red Hook Business Alliance,Brooklyn,Reed Street,Conover Street,Van Brunt Street,Temporary Limited Local Access,2020-06-25T00:00:00.000,N/A,N/A,N/A,N/A,N/A,N/A,N/A,N/A,12:00PM,8:00PM,12:00PM,8:00PM,12:00PM,8:00PM,"F,S,U",inactive,
Hometown Bar B Que,Brooklyn,Reed Street,Conover Street,Van Brunt Street,Temporary Full Closure,2020-07-03T00:00:00.000,N/A,N/A,12:00PM,10:00PM,12:00PM,10:00PM,12:00PM,10:00PM,12:00PM,11:00PM,12:00PM,11:00PM,12:00PM,10:00PM,"T,W,R,F,S,U",Active,
Williamsbridge Oval,Bronx,Reservoir Oval East,Bainbridge Avenue,Reservoir Place,Temporary Limited Local Access,2020-05-02T00:00:00.000,8:00AM,8:00PM,8:00AM,8:00PM,8:00AM,8:00PM,8:00AM,8:00PM,8:00AM,8:00PM,8:00AM,8:00PM,8:00AM,8:00PM,ALL,Active,
Williamsbridge Oval,Bronx,Reservoir Oval West,Bainbridge Avenue,Reservoir Place,Temporary Limited Local Access,2020-05-02T00:00:00.000,8:00AM,8:00PM,8:00AM,8:00PM,8:00AM,8:00PM,8:00AM,8:00PM,8:00AM,8:00PM,8:00AM,8:00PM,8:00AM,8:00PM,ALL,Active,
Longwood,Bronx,Louis Nine Boulevard,Intervale Avenue,Southern Boulevard,Temporary Limited Local Access,2020-06-25T00:00:00.000,8:00AM,8:00PM,8:00AM,8:00PM,8:00AM,8:00PM,8:00AM,8:00PM,8:00AM,8:00PM,8:00AM,8:00PM,8:00AM,8:00PM,ALL,inactive,
Lower East Side Partnership,Manhattan,Rivington Street,Allen Street,Ludlow Street,Temporary Limited Local Access,2020-05-07T00:00:00.000,12:00PM,8:00PM,12:00PM,8:00PM,12:00PM,8:00PM,12:00PM,8:00PM,12:00PM,8:00PM,12:00PM,8:00PM,12:00PM,8:00PM,ALL,Active,
Rivington East Merchants Association,Manhattan,Rivington Street,Essex Street,Norfolk Street,Temporary Full Closure,2020-07-17T00:00:00.000,N/A,N/A,N/A,N/A,N/A,N/A,N/A,N/A,5:00PM,11:00PM,11:00AM,11:00PM,11:00AM,11:00PM,"F,S,U",Active,
Ray's Bar,Manhattan,Rivington Street,Chrystie Street,Bowery,Temporary Full Closure,2020-09-11T00:00:00.000,N/A,N/A,N/A,N/A,N/A,N/A,N/A,N/A,N/A,N/A,12:00PM,12:00AM,12:00PM,12:00AM,"S,U",Active,
Far Rockaway,Queens,Rockaway Freeway,Ocean Crest Boulevard,Regina Avenue,Temporary Limited Local Access,2020-06-25T00:00:00.000,8:00AM,8:00PM,8:00AM,8:00PM,8:00AM,8:00PM,8:00AM,8:00PM,8:00AM,8:00PM,8:00AM,8:00PM,8:00AM,8:00PM,ALL,Active,
Flushing,Queens,Roosevelt Avenue,155th Street,Northern Boulevard,Temporary Limited Local Access,2020-05-14T00:00:00.000,8:00AM,8:00PM,8:00AM,8:00PM,8:00AM,8:00PM,8:00AM,8:00PM,8:00AM,8:00PM,8:00AM,8:00PM,8:00AM,8:00PM,ALL,Active,
North Brooklyn Open Streets Community Coalition,Brooklyn,Russell Street,Nassau Avenue,Driggs Avenue,Temporary Limited Local Access,2020-05-23T00:00:00.000,8:00AM,8:00PM,8:00AM,8:00PM,8:00AM,8:00PM,8:00AM,8:00PM,8:00AM,8:00PM,8:00AM,8:00PM,8:00AM,8:00PM,ALL,Active,
Stuyvesant Sq Park,Manhattan,Rutherford Place,East 15th Street,East 17th Street,Temporary Limited Local Access,2020-05-23T00:00:00.000,8:00AM,8:00PM,8:00AM,8:00PM,8:00AM,8:00PM,8:00AM,8:00PM,8:00AM,8:00PM,8:00AM,8:00PM,8:00AM,8:00PM,ALL,Active,
Callahan-Kelly,Brooklyn,Sackman Street,Truxton Street,Fulton Street,Temporary Limited Local Access,2020-05-02T00:00:00.000,8:00AM,8:00PM,8:00AM,8:00PM,8:00AM,8:00PM,8:00AM,8:00PM,8:00AM,8:00PM,8:00AM,8:00PM,8:00AM,8:00PM,ALL,inactive,
Crown Heights,Brooklyn,Schenectady Avenue,Eastern Parkway,Empire Boulevard,Temporary Limited Local Access,2020-06-25T00:00:00.000,8:00AM,8:00PM,8:00AM,8:00PM,8:00AM,8:00PM,8:00AM,8:00PM,8:00AM,8:00PM,8:00AM,8:00PM,8:00AM,8:00PM,ALL,Active,
Fort Tryon Park,Manhattan,Margaret Corbin Drive,Fort Washington Avenue,Cabrini Boulevard,Temporary Limited Local Access,2020-05-02T00:00:00.000,8:00AM,8:00PM,8:00AM,8:00PM,8:00AM,8:00PM,8:00AM,8:00PM,8:00AM,8:00PM,8:00AM,8:00PM,8:00AM,8:00PM,ALL,inactive,
Murray Hill,Manhattan,Second Avenue,East 42nd Street,East 34th Street,Protected Bike Lane,2020-05-01T00:00:00.000,12:00AM,12:00AM,12:00AM,12:00AM,12:00AM,12:00AM,12:00AM,12:00AM,12:00AM,12:00AM,12:00AM,12:00AM,12:00AM,12:00AM,ALL,Inactive,
Sharon Street Block Association,Brooklyn,Sharon Street,Morgan Avenue,Olive Street,Temporary Limited Local Access,2020-05-14T00:00:00.000,8:00AM,8:00PM,8:00AM,8:00PM,8:00AM,8:00PM,8:00AM,8:00PM,8:00AM,8:00PM,8:00AM,8:00PM,8:00AM,8:00PM,ALL,Active,
Ralph DeMarco Park,Queens,Shore Boulevard,Ditmars Boulevard,20th Avenue,Temporary Limited Local Access,2020-06-25T00:00:00.000,8:00AM,8:00PM,8:00AM,8:00PM,8:00AM,8:00PM,8:00AM,8:00PM,8:00AM,8:00PM,8:00AM,8:00PM,8:00AM,8:00PM,ALL,Active,
Flatbush Development Corporation,Brooklyn,Newkirk Avenue,Coney Island Avenue,East 17th Street,Temporary Full Closure,2021-07-10T00:00:00.000,N/A,N/A,N/A,N/A,N/A,N/A,N/A,N/A,N/A,N/A,N/A,N/A,12:00PM,8:00PM,U,Active,
Silver Lake Park,Staten Island,Silver Lake Park Road,Forest Avenue,Victory Boulevard,Temporary Full Closure,2020-05-02T00:00:00.000,24/7,24/7,24/7,24/7,24/7,24/7,24/7,24/7,24/7,24/7,24/7,24/7,24/7,24/7,ALL,Active,
Sunnyside Woodside Open Streets,Queens,Skillman Avenue,39th Place,43rd Street,Temporary Limited Local Access,2020-05-14T00:00:00.000,8:00AM,8:00PM,8:00AM,8:00PM,8:00AM,8:00PM,8:00AM,8:00PM,8:00AM,8:00PM,8:00AM,8:00PM,8:00AM,8:00PM,ALL,Active,
Downtown Brooklyn,Brooklyn,Smith Street,Atlantic Avenue,Fulton Street,Protected Bike Lane,2020-05-01T00:00:00.000,12:00AM,12:00AM,12:00AM,12:00AM,12:00AM,12:00AM,12:00AM,12:00AM,12:00AM,12:00AM,12:00AM,12:00AM,12:00AM,12:00AM,ALL,Inactive,
Bed-Stuy,Brooklyn,Somers Street,Rockaway Avenue,Fulton Street,Temporary Limited Local Access,2020-05-23T00:00:00.000,8:00AM,8:00PM,8:00AM,8:00PM,8:00AM,8:00PM,8:00AM,8:00PM,8:00AM,8:00PM,8:00AM,8:00PM,8:00AM,8:00PM,ALL,Active,
Williamsburg,Brooklyn,South 9th Street,Berry Street,Driggs Avenue,Temporary Limited Local Access,2020-05-23T00:00:00.000,8:00AM,8:00PM,8:00AM,8:00PM,8:00AM,8:00PM,8:00AM,8:00PM,8:00AM,8:00PM,8:00AM,8:00PM,8:00AM,8:00PM,ALL,Active,
Fort Greene,Brooklyn,South Portland Avenue,Fulton Street,Dekalb Avenue,Temporary Limited Local Access,2020-05-14T00:00:00.000,8:00AM,8:00PM,8:00AM,8:00PM,8:00AM,8:00PM,8:00AM,8:00PM,8:00AM,8:00PM,8:00AM,8:00PM,8:00AM,8:00PM,ALL,Active,
"St Tropez Soho, LLC",Manhattan,Spring Street,Sullivan Street,Thompson Street,Temporary Full Closure,2020-07-17T00:00:00.000,N/A,N/A,N/A,N/A,5:00PM,11:00PM,5:00PM,11:00PM,4:00PM,12:00AM,11:00AM,12:00AM,11:00AM,11:00PM,"W,R,F,S,U",Active,
Bistro Les Amis,Manhattan,Spring Street,Thompson Street,West Broadway,Temporary Full Closure,2020-07-31T00:00:00.000,11:00AM,11:00PM,11:00AM,11:00PM,11:00AM,11:00PM,11:00AM,11:00PM,11:00AM,11:00PM,11:00AM,11:00PM,11:00AM,11:00PM,ALL,Active,
Mari Makan LLC,Manhattan,Spring Street,Mott Street,Elizabeth Street,Temporary Full Closure,2020-08-14T00:00:00.000,12:00PM,12:00AM,12:00PM,12:00AM,12:00PM,12:00AM,12:00PM,12:00AM,12:00PM,12:00AM,10:00AM,12:00AM,10:00AM,12:00AM,ALL,Active,
Village Alliance,Manhattan,St Marks Place,3rd Avenue,2nd Avenue,Temporary Full Closure,2020-07-17T00:00:00.000,N/A,N/A,N/A,N/A,N/A,N/A,N/A,N/A,4:30PM,12:00AM,11:30AM,12:00AM,11:30AM,12:00AM,"F,S,U",Active,
St Marks Business Coalition,Manhattan,St Marks Place,1st Avenue,Avenue A,Temporary Full Closure,2020-09-11T00:00:00.000,N/A,N/A,N/A,N/A,N/A,N/A,N/A,N/A,4:30PM,11:00PM,11:30AM,11:00PM,11:30AM,10:00PM,"F,S,U",Active,
Boerum Hill,Brooklyn,St. Marks Place,3rd Avenue,4th Avenue,Temporary Limited Local Access,2020-05-14T00:00:00.000,8:00AM,8:00PM,8:00AM,8:00PM,8:00AM,8:00PM,8:00AM,8:00PM,8:00AM,8:00PM,8:00AM,8:00PM,8:00AM,8:00PM,ALL,Active,
East New York,Brooklyn,Stanley Avenue,Vermont Avenue,VanSiclen Avenue,Temporary Limited Local Access,2020-06-25T00:00:00.000,8:00AM,8:00PM,8:00AM,8:00PM,8:00AM,8:00PM,8:00AM,8:00PM,8:00AM,8:00PM,8:00AM,8:00PM,8:00AM,8:00PM,ALL,Active,
East New York,Brooklyn,Stanley Avenue,Schenck Avenue,Ashford Street,Temporary Limited Local Access,2020-06-25T00:00:00.000,8:00AM,8:00PM,8:00AM,8:00PM,8:00AM,8:00PM,8:00AM,8:00PM,8:00AM,8:00PM,8:00AM,8:00PM,8:00AM,8:00PM,ALL,Active,
Lower East Side Partnership,Manhattan,Stanton Street,Allen Street,Ludlow Street,Temporary Limited Local Access,2020-05-07T00:00:00.000,12:00PM,8:00PM,12:00PM,8:00PM,12:00PM,8:00PM,12:00PM,8:00PM,12:00PM,8:00PM,12:00PM,8:00PM,12:00PM,8:00PM,ALL,Active,
Boerum Hill Association,Brooklyn,State Street,Nevins Street,Smith Street,Temporary Limited Local Access,2020-05-23T00:00:00.000,8:00AM,8:00PM,8:00AM,8:00PM,8:00AM,8:00PM,8:00AM,8:00PM,8:00AM,8:00PM,8:00AM,8:00PM,8:00AM,8:00PM,ALL,Active,
Willowtown Association,Brooklyn,State Street,Willow Place,Columbia Place,Temporary Limited Local Access,2020-05-14T00:00:00.000,8:00AM,8:00PM,8:00AM,8:00PM,8:00AM,8:00PM,8:00AM,8:00PM,8:00AM,8:00PM,8:00AM,8:00PM,8:00AM,8:00PM,ALL,Active,
Maria Hernandez Park,Brooklyn,Suydam Street,Knickerbocker Avenue,Irving Avenue,Temporary Limited Local Access,2020-05-14T00:00:00.000,8:00AM,8:00PM,8:00AM,8:00PM,8:00AM,8:00PM,8:00AM,8:00PM,8:00AM,8:00PM,8:00AM,8:00PM,8:00AM,8:00PM,ALL,Active,
Judson Memorial Church,Manhattan,Thompson Street,West 3rd Street,Washington Square South,Temporary Limited Local Access,2020-07-24T00:00:00.000,8:00AM,8:00PM,8:00AM,8:00PM,8:00AM,8:00PM,8:00AM,8:00PM,8:00AM,8:00PM,8:00AM,8:00PM,8:00AM,8:00PM,ALL,Active,
Kingsbridge,Bronx,Tibbett Avenue,West 238th Street,West 232nd Street,Temporary Limited Local Access,2020-06-25T00:00:00.000,8:00AM,8:00PM,8:00AM,8:00PM,8:00AM,8:00PM,8:00AM,8:00PM,8:00AM,8:00PM,8:00AM,8:00PM,8:00AM,8:00PM,ALL,Active,
Morrisiana,Bronx,Trinity Avenue,East 166th Street,East 161th Street,Temporary Limited Local Access,2020-06-25T00:00:00.000,8:00AM,8:00PM,8:00AM,8:00PM,8:00AM,8:00PM,8:00AM,8:00PM,8:00AM,8:00PM,8:00AM,8:00PM,8:00AM,8:00PM,ALL,Active,
Bushwick,Brooklyn,Troutman Street,Irving Avenue,St. Nicholas Avenue,Temporary Limited Local Access,2020-06-25T00:00:00.000,8:00AM,8:00PM,8:00AM,8:00PM,8:00AM,8:00PM,8:00AM,8:00PM,8:00AM,8:00PM,8:00AM,8:00PM,8:00AM,8:00PM,ALL,Active,
Prospect Park,Brooklyn,Parkside Avenue,Park Circle,Ocean Avenue,Temporary Limited Local Access,2020-05-02T00:00:00.000,8:00AM,8:00PM,8:00AM,8:00PM,8:00AM,8:00PM,8:00AM,8:00PM,8:00AM,8:00PM,8:00AM,8:00PM,8:00AM,8:00PM,ALL,inactive,
"Prospect Heights Neighborhood Development Council, Inc.",Brooklyn,Underhill Avenue,St. Johns Place,Atlantic Avenue,Temporary Limited Local Access,2020-05-23T00:00:00.000,8:00AM,8:00PM,8:00AM,8:00PM,8:00AM,8:00PM,8:00AM,8:00PM,8:00AM,4:00PM,N/A,N/A,N/A,N/A,"M,T,W,R,F",Active,
Village Alliance,Manhattan,University Place,East 13th Street,West 4th Street,Temporary Limited Local Access,2020-05-23T00:00:00.000,N/A,N/A,N/A,N/A,N/A,N/A,N/A,N/A,N/A,N/A,N/A,N/A,8:30AM,1:30PM,U,Active,
"Prospect Heights Neighborhood Development Council, Inc.",Brooklyn,Vanderbilt Avenue,Atlantic Avenue,Park Place,Temporary Full Closure,2021-04-02T00:00:00.000,N/A,N/A,N/A,N/A,N/A,N/A,N/A,N/A,4:00PM,11:00PM,11:00AM,10:00PM,11:00AM,10:00PM,"F,S,U",Active,
Prospect Park,Brooklyn,Prospect Park West,Garfield Place,3rd Street,Temporary Limited Local Access,2020-05-02T00:00:00.000,8:00AM,8:00PM,8:00AM,8:00PM,8:00AM,8:00PM,8:00AM,8:00PM,8:00AM,8:00PM,8:00AM,8:00PM,8:00AM,8:00PM,ALL,inactive,
Village Alliance,Manhattan,Washington Place,Greene Street,Washington Square East,Temporary Limited Local Access,2020-09-02T00:00:00.000,8:30AM,7:00PM,8:30AM,7:00PM,8:30AM,7:00PM,8:30AM,7:00PM,8:30AM,7:00PM,N/A,N/A,8:30AM,4:00PM,"M,T,W,R, F,U",Active,
DUMBO Business Improvement District,Brooklyn,Washington Street,Front Street,Water Street,Temporary Full Closure,2021-04-02T00:00:00.000,11:00AM,9:00PM,11:00AM,9:00PM,11:00AM,9:00PM,11:00AM,9:00PM,11:00AM,9:00PM,11:00AM,9:00PM,11:00AM,9:00PM,ALL,Active,
Stapleton,Staten Island,Water Street,Bay Street,Front Street,Temporary Limited Local Access,2020-06-25T00:00:00.000,8:00AM,8:00PM,8:00AM,8:00PM,8:00AM,8:00PM,8:00AM,8:00PM,8:00AM,8:00PM,8:00AM,8:00PM,8:00AM,8:00PM,ALL,inactive,
Jeffrey's Grocery,Manhattan,Waverly Place,Christopher Street,7th Avenue South,Temporary Full Closure,2020-10-02T00:00:00.000,N/A,N/A,N/A,N/A,N/A,N/A,11:00AM,11:00PM,11:00AM,11:00PM,11:00AM,11:00PM,11:00AM,11:00PM,"R,F,S,U",Active,
West 103rd St Open Streets Community Coalition,Manhattan,West 103rd Street,Broadway,Riverside Drive,Temporary Limited Local Access,2020-05-23T00:00:00.000,8:00AM,8:00PM,8:00AM,8:00PM,8:00AM,8:00PM,8:00AM,8:00PM,8:00AM,8:00PM,8:00AM,8:00PM,8:00AM,8:00PM,ALL,Active,
Harlem,Manhattan,West 114th Street,Manhattan Avenue,Frederick Douglass Boulevard,Temporary Limited Local Access,2020-05-14T00:00:00.000,8:00AM,8:00PM,8:00AM,8:00PM,8:00AM,8:00PM,8:00AM,8:00PM,8:00AM,8:00PM,8:00AM,8:00PM,8:00AM,8:00PM,ALL,Active,
Harlem,Manhattan,West 117th Street,Morningside Avenue,5th Avenue,Temporary Limited Local Access,2020-05-23T00:00:00.000,8:00AM,8:00PM,8:00AM,8:00PM,8:00AM,8:00PM,8:00AM,8:00PM,8:00AM,8:00PM,8:00AM,8:00PM,8:00AM,8:00PM,ALL,Active,
Marcus Meets Malcolm,Manhattan,West 120th Street,Lenox Avenue,Mount Morris Park West,Temporary Limited Local Access,2020-06-25T00:00:00.000,8:00AM,8:00PM,8:00AM,8:00PM,8:00AM,8:00PM,8:00AM,8:00PM,8:00AM,8:00PM,8:00AM,8:00PM,8:00AM,8:00PM,ALL,inactive,
120 Marcus Meets Malcolm,Manhattan,West 120th Street,Malcolm X Boulevard,Mt. Morris Park West,Temporary Full Closure,2020-08-14T00:00:00.000,N/A,N/A,N/A,N/A,N/A,N/A,N/A,N/A,5:00PM,11:00PM,12:00PM,11:00PM,12:00PM,11:00PM,"F,S,U",inactive,
Harlem,Manhattan,West 129th Street,Adam Clayton Powell Boulevard,Frederick Douglass Boulevard,Temporary Limited Local Access,2020-06-25T00:00:00.000,8:00AM,8:00PM,8:00AM,8:00PM,8:00AM,8:00PM,8:00AM,8:00PM,8:00AM,8:00PM,8:00AM,8:00PM,8:00AM,8:00PM,ALL,Active,
Police Athletic League,Manhattan,West 129th Street,Adam Clayton Powell Boulevard,Frederick Douglass Boulevard,Open Streets Play,2020-07-24T00:00:00.000,12:00PM,5:00PM,12:00PM,5:00PM,12:00PM,5:00PM,12:00PM,5:00PM,N/A,N/A,N/A,N/A,N/A,N/A,"M,T,W,R",inactive,
Harlem,Manhattan,West 138th Street,Lenox Avenue,Adam Clayton Powell Boulevard,Temporary Limited Local Access,2020-05-23T00:00:00.000,8:00AM,8:00PM,8:00AM,8:00PM,8:00AM,8:00PM,8:00AM,8:00PM,8:00AM,8:00PM,8:00AM,8:00PM,8:00AM,8:00PM,ALL,Active,
Soundview,Bronx,Pugsley Avenue,Bruckner Boulevard,Turnbull Avenue,Temporary Limited Local Access,2020-06-25T00:00:00.000,8:00AM,8:00PM,8:00AM,8:00PM,8:00AM,8:00PM,8:00AM,8:00PM,8:00AM,8:00PM,8:00AM,8:00PM,8:00AM,8:00PM,ALL,inactive,
East Flatbush,Brooklyn,Raleigh Place,Church Avenue,Martense Street,Temporary Limited Local Access,2020-05-23T00:00:00.000,8:00AM,8:00PM,8:00AM,8:00PM,8:00AM,8:00PM,8:00AM,8:00PM,8:00AM,8:00PM,8:00AM,8:00PM,8:00AM,8:00PM,ALL,inactive,
Charles Young Playground,Manhattan,West 143rd Street,Malcolm X Boulevard,5th Avenue,Temporary Limited Local Access,2020-05-23T00:00:00.000,8:00AM,8:00PM,8:00AM,8:00PM,8:00AM,8:00PM,8:00AM,8:00PM,8:00AM,8:00PM,8:00AM,8:00PM,8:00AM,8:00PM,ALL,Active,
Hamilton Heights,Manhattan,West 150th Street,St. Nicholas Place,Edgecombe Avenue,Temporary Limited Local Access,2020-07-24T00:00:00.000,8:00AM,8:00PM,8:00AM,8:00PM,8:00AM,8:00PM,8:00AM,8:00PM,8:00AM,8:00PM,8:00AM,8:00PM,8:00AM,8:00PM,ALL,Active,
Fresh Air Fund,Manhattan,West 150th Street,St. Nicholas Place,Edgecombe Avenue,Open Streets Play,2020-07-24T00:00:00.000,10:00AM,4:00PM,10:00AM,4:00PM,10:00AM,4:00PM,10:00AM,4:00PM,N/A,N/A,N/A,N/A,N/A,N/A,"M,T,W,R",inactive,
Morrispark,Bronx,Rhinelander Avenue,Williamsbridge Road,Bronxdale Avenue,Temporary Limited Local Access,2020-05-14T00:00:00.000,8:00AM,8:00PM,8:00AM,8:00PM,8:00AM,8:00PM,8:00AM,8:00PM,8:00AM,8:00PM,8:00AM,8:00PM,8:00AM,8:00PM,ALL,inactive,
Chelsea,Manhattan,West 21st Street,9th Avenue,10th Avenue,Temporary Limited Local Access,2020-05-23T00:00:00.000,8:00AM,8:00PM,8:00AM,8:00PM,8:00AM,8:00PM,8:00AM,8:00PM,8:00AM,8:00PM,8:00AM,8:00PM,8:00AM,8:00PM,ALL,Active,
Chelsea,Manhattan,West 22nd Street,8th Avenue,7th Avenue,Temporary Limited Local Access,2020-05-23T00:00:00.000,8:00AM,8:00PM,8:00AM,8:00PM,8:00AM,8:00PM,8:00AM,8:00PM,8:00AM,8:00PM,8:00AM,8:00PM,8:00AM,8:00PM,ALL,Active,
Flatiron 23rd Street Partnership,Manhattan,West 22nd Street,5th Avenue,6th Avenue,Temporary Full Closure,2020-07-17T00:00:00.000,4:00PM,11:00PM,4:00PM,11:00PM,4:00PM,11:00PM,4:00PM,11:00PM,5:00PM,11:00PM,12:00PM,11:00PM,11:00AM,11:00PM,ALL,Active,
Riverdale Playground,Bronx,West 236th Street,Hudson Manor Terrace,Independence Avenue,Temporary Limited Local Access,2020-06-25T00:00:00.000,8:00AM,8:00PM,8:00AM,8:00PM,8:00AM,8:00PM,8:00AM,8:00PM,8:00AM,8:00PM,8:00AM,8:00PM,8:00AM,8:00PM,ALL,Active,
Kingsbridge,Bronx,West 238th Street,Tibbett Avenue,Irwin Avenue,Temporary Limited Local Access,2020-05-14T00:00:00.000,8:00AM,8:00PM,8:00AM,8:00PM,8:00AM,8:00PM,8:00AM,8:00PM,8:00AM,8:00PM,8:00AM,8:00PM,8:00AM,8:00PM,ALL,Active,
Chelsea,Manhattan,West 25th Street,8th Avenue,9th Avenue,Temporary Limited Local Access,2020-06-25T00:00:00.000,8:00AM,8:00PM,8:00AM,8:00PM,8:00AM,8:00PM,8:00AM,8:00PM,8:00AM,8:00PM,8:00AM,8:00PM,8:00AM,8:00PM,ALL,Active,
New York Korea Town Association,Manhattan,West 32nd Street,5th Avenue,Broadway,Temporary Full Closure,2020-07-31T00:00:00.000,N/A,N/A,N/A,N/A,N/A,N/A,N/A,N/A,5:00PM,11:00PM,12:00PM,11:00PM,12:00PM,11:00PM,"F,S,U",Active,
Astoria Park,Queens,Shore Boulevard,Ditmars Boulevard,Astoria Park South,Temporary Limited Local Access,2020-05-02T00:00:00.000,24/7,24/7,24/7,24/7,24/7,24/7,24/7,24/7,24/7,24/7,24/7,24/7,24/7,24/7,ALL,Active,
Garment District Alliance,Manhattan,West 36th Street,5th Avenue,6th Avenue,Temporary Full Closure,2020-08-28T00:00:00.000,N/A,N/A,N/A,N/A,N/A,N/A,N/A,N/A,5:00PM,11:00PM,12:00PM,11:00PM,12:00PM,9:00PM,"F,S,U",Inactive,
Midtown,Manhattan,West 38th Street,11th Avenue,5th Avenue,Protected Bike Lane,2020-05-14T00:00:00.000,12:00AM,12:00AM,12:00AM,12:00AM,12:00AM,12:00AM,12:00AM,12:00AM,12:00AM,12:00AM,12:00AM,12:00AM,12:00AM,12:00AM,ALL,Inactive,
Midtown,Manhattan,West 39th Street,11th Avenue,5th Avenue,Protected Bike Lane,2020-05-14T00:00:00.000,12:00AM,12:00AM,12:00AM,12:00AM,12:00AM,12:00AM,12:00AM,12:00AM,12:00AM,12:00AM,12:00AM,12:00AM,12:00AM,12:00AM,ALL,Inactive,
Crown Heights,Brooklyn,Troy Avenue,St. Johns Place,Eastern Parkway,Temporary Limited Local Access,2020-05-23T00:00:00.000,8:00AM,8:00PM,8:00AM,8:00PM,8:00AM,8:00PM,8:00AM,8:00PM,8:00AM,8:00PM,8:00AM,8:00PM,8:00AM,8:00PM,ALL,inactive,
Claremont,Bronx,Washington Avenue,East 171st Street,East 169th Street,Temporary Limited Local Access,2020-06-25T00:00:00.000,8:00AM,8:00PM,8:00AM,8:00PM,8:00AM,8:00PM,8:00AM,8:00PM,8:00AM,8:00PM,8:00AM,8:00PM,8:00AM,8:00PM,ALL,inactive,
Times Square Alliance,Manhattan,West 46th Street,8th Avenue,9th Avenue,Temporary Limited Local Access,2020-06-25T00:00:00.000,4:00PM,8:00PM,4:00PM,8:00PM,4:00PM,8:00PM,4:00PM,8:00PM,4:00PM,8:00PM,4:00PM,8:00PM,4:00PM,8:00PM,ALL,inactive,
Times Square Alliance,Manhattan,West 46th Street,8th Avenue,9th Avenue,Temporary Full Closure,2020-07-03T00:00:00.000,5:00PM,11:00PM,5:00PM,11:00PM,5:00PM,11:00PM,5:00PM,11:00PM,5:00PM,11:00PM,12:00PM,11:00PM,12:00PM,11:00PM,ALL,Active,
Times Square Alliance,Manhattan,West 46th Street,6th Avenue,7th Avenue,Temporary Full Closure,2020-07-31T00:00:00.000,5:00PM,11:00PM,5:00PM,11:00PM,5:00PM,11:00PM,5:00PM,11:00PM,5:00PM,11:00PM,5:00PM,11:00PM,5:00PM,11:00PM,ALL,inactive,
Meatpacking Business Improvement District,Manhattan,West 13th Street,9th Avenue,Washington Street,Temporary Limited Local Access,2020-05-14T00:00:00.000,8:00AM,8:00PM,8:00AM,8:00PM,8:00AM,8:00PM,8:00AM,8:00PM,8:00AM,8:00PM,8:00AM,8:00PM,8:00AM,8:00PM,ALL,inactive,
Meatpacking Business Improvement District,Manhattan,West 17th Street,10th Avenue,8th Avenue,Temporary Limited Local Access,2020-05-14T00:00:00.000,8:00AM,8:00PM,8:00AM,8:00PM,8:00AM,8:00PM,8:00AM,8:00PM,8:00AM,8:00PM,8:00AM,8:00PM,8:00AM,8:00PM,ALL,inactive,
Hells Kitchen,Manhattan,West 44th Street,9th Avenue,10th Avenue,Temporary Limited Local Access,2020-06-25T00:00:00.000,8:00AM,8:00PM,8:00AM,8:00PM,8:00AM,8:00PM,8:00AM,8:00PM,8:00AM,8:00PM,8:00AM,8:00PM,8:00AM,8:00PM,ALL,inactive,
45th Street Block Association,Manhattan,West 45th Street,9th Avenue,10th Avenue,Temporary Limited Local Access,2020-10-02T00:00:00.000,8:00AM,8:00PM,8:00AM,8:00PM,8:00AM,8:00PM,8:00AM,8:00PM,8:00AM,8:00PM,8:00AM,8:00PM,8:00AM,8:00PM,ALL,Inactive,
Red Hook Initiative,Brooklyn,West 9th Street,Henry Street,Hicks Street,Temporary Limited Local Access,2020-05-23T00:00:00.000,8:00AM,7:00PM,8:00AM,7:00PM,8:00AM,7:00PM,8:00AM,7:00PM,8:00AM,7:00PM,8:00AM,7:00PM,N/A,N/A,"M,T,W,R,F,S",Active,
Hells Kitchen,Manhattan,West 51st Street,10th Avenue,9th Avenue,Temporary Limited Local Access,2020-05-23T00:00:00.000,8:00AM,8:00PM,8:00AM,8:00PM,8:00AM,8:00PM,8:00AM,8:00PM,8:00AM,8:00PM,8:00AM,8:00PM,8:00AM,8:00PM,ALL,inactive,
Forest Park,Queens,West Main Drive,Band Shell Lot,Golf Course Lot,Temporary Full Closure,2020-05-02T00:00:00.000,24/7,24/7,24/7,24/7,24/7,24/7,24/7,24/7,24/7,24/7,24/7,24/7,24/7,24/7,ALL,Active,
Upper West Side,Manhattan,West 75th Street,Broadway,Riverside Drive,Temporary Limited Local Access,2020-05-14T00:00:00.000,8:00AM,8:00PM,8:00AM,8:00PM,8:00AM,8:00PM,8:00AM,8:00PM,8:00AM,8:00PM,8:00AM,8:00PM,8:00AM,8:00PM,ALL,inactive,
Brownsville,Brooklyn,Williams Avenue,Liberty Avenue,Atlantic Avenue,Temporary Limited Local Access,2020-05-23T00:00:00.000,8:00AM,8:00PM,8:00AM,8:00PM,8:00AM,8:00PM,8:00AM,8:00PM,8:00AM,8:00PM,8:00AM,8:00PM,8:00AM,8:00PM,ALL,Active,
Upper West Side,Manhattan,West End Avenue,West 87th Street,West 96th Street,Temporary Limited Local Access,2020-05-14T00:00:00.000,8:00AM,8:00PM,8:00AM,8:00PM,8:00AM,8:00PM,8:00AM,8:00PM,8:00AM,8:00PM,8:00AM,8:00PM,8:00AM,8:00PM,ALL,inactive,
Brooklyn Greenway Initiative,Brooklyn,West Street,Quay Street,Greenpoint Avenue,Temporary Limited Local Access,2020-06-25T00:00:00.000,N/A,N/A,N/A,N/A,N/A,N/A,N/A,N/A,N/A,N/A,10:00AM,6:00PM,10:00AM,6:00PM,"S,U",inactive,
Fort Greene,Brooklyn,Willoughby Avenue,Washington Park Street,Hall Street,Temporary Limited Local Access,2020-05-23T00:00:00.000,8:00AM,8:00PM,8:00AM,8:00PM,8:00AM,8:00PM,8:00AM,8:00PM,8:00AM,8:00PM,8:00AM,8:00PM,8:00AM,8:00PM,ALL,Active,
Third Avenue Business Improvement District,Bronx,Willis Avenue,East 147th Street,East 148th Street,Temporary Limited Local Access,2020-05-07T00:00:00.000,10:00AM,6:00PM,10:00AM,6:00PM,10:00AM,6:00PM,10:00AM,6:00PM,10:00AM,6:00PM,N/A,N/A,N/A,N/A,"M,T,W,R,F",inactive,
Downtown Brooklyn Partnership,Brooklyn,Willoughby Street,Pearl Street,Jay Street,Temporary Limited Local Access,2020-05-07T00:00:00.000,8:00AM,7:00PM,8:00AM,7:00PM,8:00AM,7:00PM,8:00AM,7:00PM,8:00AM,7:00PM,8:00AM,7:00PM,8:00AM,7:00PM,ALL,Active,
Downtown Brooklyn Partnership,Brooklyn,Willoughby Street,Pearl Street,Lawrence Street,Temporary Limited Local Access,2020-05-07T00:00:00.000,8:00AM,7:00PM,8:00AM,7:00PM,8:00AM,7:00PM,8:00AM,7:00PM,8:00AM,7:00PM,8:00AM,7:00PM,8:00AM,7:00PM,ALL,inactive,
Willowtown Association,Brooklyn,Willow Place,Joralemon Street,State Street,Temporary Limited Local Access,2020-05-24T00:00:00.000,8:00AM,8:00PM,8:00AM,8:00PM,8:00AM,8:00PM,8:00AM,8:00PM,8:00AM,8:00PM,8:00AM,8:00PM,8:00AM,8:00PM,ALL,Active,
Brooklyn Heights,Brooklyn,Willow Street,Middagh Street,Pierrepont Street,Temporary Limited Local Access,2020-05-23T00:00:00.000,8:00AM,8:00PM,8:00AM,8:00PM,8:00AM,8:00PM,8:00AM,8:00PM,8:00AM,8:00PM,8:00AM,8:00PM,8:00AM,8:00PM,ALL,Active,
Good Shepard Services,Brooklyn,Wolcott Street,Conover Street,Van Brunt Street,Temporary Limited Local Access,2020-07-24T00:00:00.000,N/A,N/A,10:00AM,3:00PM,N/A,N/A,10:00AM,3:00PM,N/A,N/A,N/A,N/A,N/A,N/A,"T,R",Active,
Downtown Brooklyn Partnership,Brooklyn,Willoughby Street,Lawrence Street,Flatbush Avenue Extension,Temporary Limited Local Access,2020-06-25T00:00:00.000,8:00AM,7:00PM,8:00AM,7:00PM,8:00AM,7:00PM,8:00AM,7:00PM,8:00AM,7:00PM,8:00AM,7:00PM,8:00AM,7:00PM,ALL,inactive,
39th Avenue Open Streets Coalition,Queens,Woodside Avenue,39th Avenue,39th Avenue,Temporary Limited Local Access,2020-05-14T00:00:00.000,8:00AM,8:00PM,8:00AM,8:00PM,8:00AM,8:00PM,8:00AM,8:00PM,8:00AM,8:00PM,8:00AM,8:00PM,8:00AM,8:00PM,ALL,inactive,
Central Family Life Center,Staten Island,Wright Street,Canal Street,Thompson Street,Open Streets Play,2020-07-24T00:00:00.000,N/A,N/A,N/A,N/A,N/A,N/A,N/A,N/A,12:00PM,4:00PM,N/A,N/A,N/A,N/A,F,inactive,Y
Nicholas Naquan Heyward Park,Brooklyn,Wyckoff Street,Bond Street,Hoyt Street,Temporary Limited Local Access,2020-05-23T00:00:00.000,8:00AM,8:00PM,8:00AM,8:00PM,8:00AM,8:00PM,8:00AM,8:00PM,8:00AM,8:00PM,8:00AM,8:00PM,8:00AM,8:00PM,ALL,inactive,
Boerum Hill,Brooklyn,Wyckoff Street,Nevins Street,3rd Avenue,Temporary Limited Local Access,2020-06-25T00:00:00.000,8:00AM,8:00PM,8:00AM,8:00PM,8:00AM,8:00PM,8:00AM,8:00PM,8:00AM,8:00PM,8:00AM,8:00PM,8:00AM,8:00PM,ALL,inactive,
Allerton,Bronx,Yates Avenue,Burke Avenue,Adee Avenue,Temporary Limited Local Access,2020-06-25T00:00:00.000,8:00AM,8:00PM,8:00AM,8:00PM,8:00AM,8:00PM,8:00AM,8:00PM,8:00AM,8:00PM,8:00AM,8:00PM,8:00AM,8:00PM,ALL,Active,
Jadis,Manhattan,Rivington Street,Eldridge Street,Forsyth Street,Temporary Limited Local Access,2021-03-13T00:00:00.000,4:00PM,11:00PM,4:00PM,11:00PM,4:00PM,11:00PM,4:00PM,11:00PM,4:00PM,11:00PM,3:00PM,12:00AM,3:00PM,12:00AM,ALL,Active,
Sunset Park Business Improvement District,Brooklyn,5th Avenue,39th Street,42nd Street,Temporary Full Closure,2021-05-01T00:00:00.000,N/A,N/A,N/A,N/A,N/A,N/A,N/A,N/A,N/A,N/A,4:00PM,11:00PM,N/A,N/A,S,Active,
Sunset Park Business Improvement District,Brooklyn,5th Avenue,55th Street,59th Street,Temporary Full Closure,2021-05-01T00:00:00.000,N/A,N/A,N/A,N/A,N/A,N/A,N/A,N/A,N/A,N/A,4:00PM,11:00PM,N/A,N/A,S,Inactive,
Meatpacking Business Improvement District,Manhattan,Little West 12th Street,9th Avenue,Washington Street,Mix of Two Types,2021-04-02T00:00:00.000,10:00AM,11:00PM,10:00AM,11:00PM,10:00AM,11:00PM,10:00AM,11:00PM,10:00AM,11:00PM,10:00AM,11:00PM,10:00AM,11:00PM,ALL,Active,
Meatpacking Business Improvement District,Manhattan,West 13th Street,9th Avenue,Washington Street,Mix of Two Types,2021-04-02T00:00:00.000,10:00AM,11:00PM,10:00AM,11:00PM,10:00AM,11:00PM,10:00AM,11:00PM,10:00AM,11:00PM,10:00AM,11:00PM,10:00AM,11:00PM,ALL,Active,
Meatpacking Business Improvement District,Manhattan,Gansevoort Street,9th Avenue,Washington Street,Mix of Two Types,2021-04-02T00:00:00.000,10:00AM,11:00PM,10:00AM,11:00PM,10:00AM,11:00PM,10:00AM,11:00PM,10:00AM,11:00PM,10:00AM,11:00PM,10:00AM,11:00PM,ALL,Active,
Atlantic Avenue Business Improvement District,Brooklyn,Hoyt Street,Atlantic Avenue,Schermerhorn Street,Temporary Full Closure,2020-08-28T00:00:00.000,N/A,N/A,N/A,N/A,N/A,N/A,N/A,N/A,12:00PM,11:00PM,12:00PM,11:00PM,12:00PM,11:00PM,"F,S,U",Active,Y
Park Slope 5th Avenue Business Improvement District,Brooklyn,5th Avenue,15th Street,16th Street,Temporary Full Closure,2021-05-01T00:00:00.000,N/A,N/A,N/A,N/A,N/A,N/A,N/A,N/A,N/A,N/A,11:00AM,10:30PM,11:00AM,10:00PM,"S,U",Active,
Columbus Amsterdam Business Improvement District,Manhattan,Amsterdam Avenue,West 96th Street,West 106th Street,Temporary Full Closure,2021-05-02T00:00:00.000,N/A,N/A,N/A,N/A,N/A,N/A,N/A,N/A,N/A,N/A,N/A,N/A,11:00AM,8:30PM,U,Active,
Mad Morton,Manhattan,Morton Street,7th Avenue South,Bleecker Street,Temporary Full Closure,2021-05-06T00:00:00.000,4:30PM,12:00AM,4:30PM,12:00AM,4:30PM,12:00AM,4:30PM,12:00AM,4:30PM,12:00AM,12:00PM,12:00AM,12:00PM,12:00AM,ALL,Active,
Bridge Street Development Corp.,Brooklyn,Tompkins Avenue,Gates Avenue,Halsey Street,Temporary Full Closure,2021-05-09T00:00:00.000,N/A,N/A,N/A,N/A,N/A,N/A,N/A,N/A,N/A,N/A,N/A,N/A,10:00AM,8:00PM,U,Active,
The Gowanus Dredgers Canoe Club,Brooklyn,2nd Street,Bond Street,Dead End,Temporary Limited Local Access,2021-05-11T00:00:00.000,10:00AM,4:00PM,10:00AM,4:00PM,10:00AM,4:00PM,10:00AM,4:00PM,10:00AM,9:00PM,10:00AM,9:00PM,10:00AM,9:00PM,"M,T,W,R,F,S,U",Active,
Fourth Arts Block (FABnyc),Manhattan,East 4th Street,Bowery,2nd Avenue,Temporary Full Closure,2021-05-20T00:00:00.000,N/A,N/A,N/A,N/A,N/A,N/A,4:00PM,9:00PM,N/A,N/A,N/A,N/A,N/A,N/A,R,Active,
Sonnyboy,Manhattan,Rivington Street,Allen Street,Eldridge Street,Temporary Full Closure,2021-05-14T00:00:00.000,N/A,N/A,N/A,N/A,N/A,N/A,6:00PM,10:45PM,6:00PM,11:45PM,10:00AM,11:45PM,10:00AM,10:45PM,"R,F,S,U",Active,
Columbus Amsterdam Business Improvement District,Manhattan,Columbus Avenue,West 106th Street,West 110th Street,Temporary Full Closure,2021-05-15T00:00:00.000,N/A,N/A,N/A,N/A,N/A,N/A,N/A,N/A,N/A,N/A,11:00AM,8:30PM,11:00AM,8:30PM,"S,U",Active,
120 Marcus Meets Malcolm,Manhattan,West 120th Street,Lenox Avenue,Mount Morris Park West,Temporary Limited Local Access,2021-05-17T00:00:00.000,8:00AM,8:00PM,8:00AM,8:00PM,8:00AM,8:00PM,8:00AM,8:00PM,8:00AM,10:00PM,8:00AM,10:00PM,8:00AM,8:00PM,ALL,Active,
Boerum Hill Association,Brooklyn,Wyckoff Street,Hoyt Street,4th Avenue,Temporary Limited Local Access,2021-05-26T00:00:00.000,N/A,N/A,N/A,N/A,N/A,N/A,N/A,N/A,10:00AM,8:00PM,8:00AM,8:00PM,8:00AM,8:00PM,"F,S,U",Active,
Blissville Civic Association,Queens,37th Street,Starr Avenue,Bradley Avenue,Temporary Limited Local Access,2021-05-29T00:00:00.000,N/A,N/A,N/A,N/A,N/A,N/A,N/A,N/A,N/A,N/A,10:00AM,8:00PM,10:00AM,8:00PM,"S,U",Active,
Greenwich Village Chelsea Chamber of Commerce,Manhattan,Bleecker Street,Bank Street,7th Avenue South,Temporary Full Closure,2021-06-05T00:00:00.000,N/A,N/A,N/A,N/A,N/A,N/A,N/A,N/A,N/A,N/A,10:00AM,8:00PM,10:00AM,7:00PM,"S,U",inactive,
Union Square Café,Manhattan,East 19th Street,Irving Place,Park Avenue South,Temporary Full Closure,2021-06-11T00:00:00.000,11:00AM,11:00PM,11:00AM,11:00PM,11:00AM,11:00PM,11:00AM,11:00PM,11:00AM,11:00PM,10:00AM,11:00PM,10:00AM,11:00PM,ALL,Active,
Van Duzer Civic Association,Staten Island,Van Duzer Street,Beach Street,Wright Street,Temporary Full Closure,2021-06-21T00:00:00.000,N/A,N/A,N/A,N/A,N/A,N/A,N/A,N/A,N/A,N/A,11:00AM,5:00PM,N/A,N/A,S,Active,
Decatur Howard Saratoga Block Association President,Brooklyn,Decatur Street,Howard Avenue,Saratoga Avenue,Temporary Limited Local Access,2021-06-11T00:00:00.000,N/A,N/A,N/A,N/A,N/A,N/A,N/A,N/A,8:00AM,8:00PM,8:00AM,8:00PM,N/A,N/A,"S,U",Active,
Fresh Air Fund,Bronx,East 144th Street,Jackson Avenue,Concord Avenue,Temporary Limited Local Access,2021-07-05T00:00:00.000,8:00AM,5:00PM,8:00AM,5:00PM,8:00AM,5:00PM,8:00AM,5:00PM,8:00AM,5:00PM,N/A,N/A,N/A,N/A,"M,T,R,W,F",Active,
1717 East 18th Street Owners Corporation,Brooklyn,East 18th Street,Quentin Road,Avenue R,Temporary Limited Local Access,2021-06-26T00:00:00.000,N/A,N/A,N/A,N/A,N/A,N/A,N/A,N/A,N/A,N/A,12:00PM,8:00PM,12:00PM,8:00PM,"S,U",Active,
17th Street Block Association,Brooklyn,Calder Place,Prospect Ave,17th Street,Temporary Limited Local Access,2021-06-19T00:00:00.000,N/A,N/A,N/A,N/A,N/A,N/A,N/A,N/A,N/A,N/A,10:00AM,8:00PM,10:00AM,8:00PM,"S,U",Active,
17th Street Block Association,Brooklyn,17th Street,Calder Place,Prospect Park West,Temporary Limited Local Access,2021-06-19T00:00:00.000,N/A,N/A,N/A,N/A,N/A,N/A,N/A,N/A,N/A,N/A,10:00AM,8:00PM,10:00AM,8:00PM,"S,U",Active,
Musket Hospitality LLC,Manhattan,Elizabeth Street,Prince Street,East Houston Street,Temporary Full Closure,2021-06-29T00:00:00.000,N/A,N/A,4:30PM,12:00AM,4:30PM,12:00AM,4:30PM,12:00AM,4:30PM,12:00AM,10:00AM,12:00AM,10:00AM,11:00PM,"T,W,R,F,S,U",Active,
Ernesto's NYC,Manhattan,Montgomery Street,East Broadway,Henry Street,Temporary Full Closure,2021-07-02T00:00:00.000,N/A,N/A,N/A,N/A,N/A,N/A,N/A,N/A,10:00AM,12:00AM,10:00AM,12:00AM,10:00AM,12:00AM,"F,S,U",Active,
Henry Street Settlement,Manhattan,East 6th Street,Avenue D,FDR Drive Service Road,Temporary Full Closure,2021-07-07T00:00:00.000,N/A,N/A,N/A,N/A,10:00AM,4:00PM,N/A,N/A,10:00AM,4:00PM,N/A,N/A,N/A,N/A,"W,F",inactive,
Downtown Brooklyn Partnership,Brooklyn,Rockwell Place,Dekalb Avenue,Fulton Street,Temporary Full Closure,2021-07-01T00:00:00.000,N/A,N/A,N/A,N/A,N/A,N/A,5:00PM,12:00AM,5:00PM,12:00AM,5:00PM,12:00AM,N/A,N/A,"R,F,S",Active,
Caldwell Enrichment Programs,Bronx,Jennings Street,Chisholm Street,Prospect Avenue,Temporary Full Closure,2021-07-06T00:00:00.000,11:00AM,7:00PM,11:00AM,7:00PM,11:00AM,7:00PM,11:00AM,7:00PM,11:00AM,7:00PM,N/A,N/A,N/A,N/A,"M,T,W,R,F",Active,
Poppa & Momma Jones' Historic Community Garden,Brooklyn,Van Siclen Avenue,Pitkin Avenue,Glenmore Avenue,Temporary Limited Local Access,2021-07-06T00:00:00.000,N/A,N/A,N/A,N/A,N/A,N/A,12:00PM,3:00PM,12:00PM,3:00PM,12:00PM,3:00PM,N/A,N/A,"R,F,S",inactive,
Fresh Air Fund,Bronx,Rockwood Street,Grand Concourse,Walton Avenue,Temporary Full Closure,2021-07-06T00:00:00.000,8:00AM,5:00PM,8:00AM,5:00PM,8:00AM,5:00PM,8:00AM,5:00PM,N/A,N/A,N/A,N/A,N/A,N/A,"M,T,W,R",Active,
Fresh Air Fund,Bronx,Stickball Boulevard,Seward Avenue,Randall Avenue,Temporary Full Closure,2021-07-06T00:00:00.000,8:00AM,5:00PM,8:00AM,5:00PM,8:00AM,5:00PM,8:00AM,5:00PM,N/A,N/A,N/A,N/A,N/A,N/A,"M,T,W,R",Active,
Fresh Air Fund,Brooklyn,Prospect Place,New York Avenue,Brooklyn Avenue,Temporary Full Closure,2021-07-06T00:00:00.000,8:00AM,5:00PM,8:00AM,5:00PM,8:00AM,5:00PM,8:00AM,5:00PM,N/A,N/A,N/A,N/A,N/A,N/A,"M,T,W,R",Active,
Fresh Air Fund,Brooklyn,6th Avenue,44th Street,45th Street,Temporary Full Closure,2021-07-06T00:00:00.000,8:00AM,5:00PM,8:00AM,5:00PM,8:00AM,5:00PM,8:00AM,5:00PM,N/A,N/A,N/A,N/A,N/A,N/A,"M,T,W,R",Active,
Fresh Air Fund,Brooklyn,Dumont Avenue,Thomas S Boyland Street,Strauss Street,Temporary Full Closure,2021-07-06T00:00:00.000,8:00AM,5:00PM,8:00AM,5:00PM,8:00AM,5:00PM,8:00AM,5:00PM,N/A,N/A,N/A,N/A,N/A,N/A,"M,T,W,R",inactive,
Fresh Air Fund,Manhattan,East 104th Street,Second Avenue,Third Avenue,Temporary Full Closure,2021-07-06T00:00:00.000,8:00AM,5:00PM,8:00AM,5:00PM,8:00AM,5:00PM,N/A,N/A,N/A,N/A,N/A,N/A,N/A,N/A,"M,T,W",Active,
Fresh Air Fund,Manhattan,Audubon Avenue,West 188th Street,W 189th Street,Temporary Full Closure,2021-07-06T00:00:00.000,8:00AM,5:00PM,8:00AM,5:00PM,8:00AM,5:00PM,8:00AM,5:00PM,N/A,N/A,N/A,N/A,N/A,N/A,"M,T,W,R",inactive,
Fresh Air Fund,Queens,34th Avenue,72nd Street,73rd Street,Temporary Full Closure,2021-07-06T00:00:00.000,8:00AM,5:00PM,8:00AM,5:00PM,8:00AM,5:00PM,8:00AM,5:00PM,N/A,N/A,N/A,N/A,N/A,N/A,"M,T,W,R",Active,
Fresh Air Fund,Queens,34th Avenue,92nd Street,93rd Street,Temporary Full Closure,2021-07-06T00:00:00.000,8:00AM,5:00PM,8:00AM,5:00PM,8:00AM,5:00PM,8:00AM,5:00PM,N/A,N/A,N/A,N/A,N/A,N/A,"M,T,W,R",Active,
Connectemos,Manhattan,Audubon Avenue,W 187th Street,W 188th Street,Temporary Full Closure,2021-07-06T00:00:00.000,12:00PM,5:00PM,12:00PM,5:00PM,12:00PM,5:00PM,12:00PM,5:00PM,N/A,N/A,N/A,N/A,N/A,N/A,"M,T,W,R",inactive,
Community League of the Heights,Manhattan,West 159th Street,Broadway,Edgecombe Avenue,Temporary Full Closure,2021-07-06T00:00:00.000,8:30AM,6:00PM,8:30AM,6:00PM,8:30AM,6:00PM,8:30AM,6:00PM,8:30AM,6:00PM,N/A,N/A,N/A,N/A,"M,T,W,R,F",Active,
Community League of the Heights,Manhattan,West 161st Street,Riverside Drive,Fort Washington Avenue,Temporary Full Closure,2021-07-06T00:00:00.000,8:30AM,6:00PM,8:30AM,6:00PM,8:30AM,6:00PM,8:30AM,6:00PM,8:30AM,6:00PM,N/A,N/A,N/A,N/A,"M,T,W,R,F",Active,
Community League of the Heights,Manhattan,West 164th Street,Saint Nicholas Avenue,Edgecombe Avenue,Temporary Full Closure,2021-07-06T00:00:00.000,8:30AM,6:00PM,8:30AM,6:00PM,8:30AM,6:00PM,8:30AM,6:00PM,8:30AM,6:00PM,N/A,N/A,N/A,N/A,"M,T,W,R,F",Active,
Merchants of Third Avenue,Brooklyn,Third Avenue,68th Street,83rd Street,Temporary Full Closure,2021-07-16T00:00:00.000,N/A,N/A,N/A,N/A,N/A,N/A,N/A,N/A,5:30PM,10:30PM,N/A,N/A,N/A,N/A,F,Active,
Merchants of Third Avenue,Brooklyn,Third Avenue,83rd Street,Marine Avenue,Temporary Full Closure,2021-07-09T00:00:00.000,N/A,N/A,N/A,N/A,N/A,N/A,N/A,N/A,5:30PM,10:30PM,N/A,N/A,N/A,N/A,F,Active,
"Brooklyn New School, PS 146",Brooklyn,Rapelye Street,Hicks Street,Henry Street,Temporary Full Closure,2021-07-06T00:00:00.000,8:00AM,3:00PM,8:00AM,3:00PM,8:00AM,3:00PM,8:00AM,3:00PM,8:00AM,3:00PM,N/A,N/A,N/A,N/A,"M,T,W,R,F",Active,
West Side Montessori School,Manhattan,West 92nd Street,Riverside Drive,West End Avenue,Temporary Full Closure,2021-07-06T00:00:00.000,8:00AM,4:00PM,8:00AM,4:00PM,8:00AM,4:00PM,8:00AM,4:00PM,8:00AM,4:00PM,N/A,N/A,N/A,N/A,"M,T,W,R,F",Active,
The Washington Market School,Manhattan,Staple Street,Duane Street,Jay Street,Temporary Full Closure,2021-07-06T00:00:00.000,9:00AM,2:30PM,9:00AM,2:30PM,9:00AM,2:30PM,9:00AM,2:30PM,9:00AM,2:30PM,N/A,N/A,N/A,N/A,"M,T,W,R,F",Active,
MS363: The Academy for Personal Leadership and Excellenc,Bronx,Field Place,Morris Avenue,Creston Avenue,Temporary Full Closure,2021-07-12T00:00:00.000,7:00AM,6:00PM,7:00AM,6:00PM,7:00AM,6:00PM,7:00AM,6:00PM,7:00AM,6:00PM,N/A,N/A,N/A,N/A,"M,T,W,R,F",Active,
Community League of the Heights,Manhattan,Academy Street,Vermilyea Avenue,Broadway,Temporary Full Closure,2021-07-21T00:00:00.000,8:30AM,6:00PM,8:30AM,6:00PM,8:30AM,6:00PM,8:30AM,6:00PM,8:30AM,6:00PM,N/A,N/A,N/A,N/A,"M,T,W,R,F",Active,
NYPD 44th Precinct,Bronx,Findlay Avenue,E 166th Street,E 167th Street,Temporary Full Closure,2021-07-28T00:00:00.000,9:00AM,3:00PM,9:00AM,3:00PM,9:00AM,3:00PM,9:00AM,3:00PM,9:00AM,3:00PM,N/A,N/A,N/A,N/A,"M,T,W,R,F",Active,
